"","Condition_Met"
"Perameles_bougainville",0
"Perameles_nasuta",0
"Perameles_gunnii",0
"Isoodon_macrourus",0
"Isoodon_auratus",0
"Isoodon_obesulus",0
"Peroryctes_broadbenti",0
"Peroryctes_raffrayana",0
"PeroryctinaeGen_spA",0
"Rhynchomeles_prattorum",0
"Echymipera_clara",0
"Echymipera_kalubu",0
"Echymipera_rufescens",0
"Microperoryctes_longicauda",0
"Microperoryctes_papuensis",0
"Chaeropus_ecaudatus",0
"Macrotis_lagotis",0
"Macrotis_leucura",0
"Notoryctes_caurinus",0
"Notoryctes_typhlops",0
"Cercartetus_caudatus",0
"Cercartetus_concinnus",0
"Cercartetus_nanus",0
"Cercartetus_lepidus",0
"Burramys_parvus",0
"Wyulda_squamicaudata",0
"Trichosurus_caninus",0
"Trichosurus_vulpecula",0
"Strigocuscus_celebensis",0
"Ailurops_ursinus",1
"Ailurops_melanotis",0
"Strigocuscus_pelengensis",0
"Phalanger_vestitus",0
"Phalanger_carmelitae",0
"Phalanger_intercastellanus",0
"Phalanger_orientalis",0
"Phalanger_sericeus",0
"Phalanger_gymnotis",0
"Phalanger_lullulae",0
"Phalanger_matanim",0
"Phalanger_ornatus",0
"Spilocuscus_maculatus",0
"Spilocuscus_rufoniger",0
"Procoptodon_goliah",1
"Procoptodon_gilli",1
"Procoptodon_browneorum",1
"Simosthenurus_occidentalis",1
"Simosthenurus_maddocki",1
"Metasthenurus_newtonae",1
"Sthenurus_stirlingi",1
"Sthenurus_tindalei",1
"Sthenurus_atlas",1
"Sthenurus_andersoni",1
"Lagostrophus_fasciatus",0
"Troposodon_minor",1
"Thylogale_stigmatica",0
"Thylogale_brunii",0
"Thylogale_calabyi",0
"Thylogale_browni",0
"Thylogale_lanatus",0
"Thylogale_thetis",0
"Thylogale_billardierii",0
"Dendrolagus_goodfellowi",0
"Dendrolagus_pulcherrimus",0
"Dendrolagus_matschiei",0
"Dendrolagus_spadix",0
"Dendrolagus_lumholtzi",0
"Dendrolagus_bennettianus",1
"Dendrolagus_dorianus",1
"Dendrolagus_stellarum",0
"Dendrolagus_notatus",0
"Dendrolagus_inustus",1
"Petrogale_xanthopus",0
"Petrogale_persephone",0
"Petrogale_lateralis",0
"Petrogale_godmani",0
"Petrogale_purpureicollis",0
"Petrogale_coenensis",0
"Petrogale_penicillata",0
"Petrogale_herberti",0
"Petrogale_inornata",0
"Petrogale_mareeba",0
"Petrogale_sharmani",0
"Petrogale_assimilis",0
"Petrogale_rothschildi",0
"Petrogale_brachyotis",0
"Petrogale_burbidgei",0
"Petrogale_concinna",0
"Dorcopsulus_vanheurni",0
"Dorcopsulus_macleayi",0
"Dorcopsis_muelleri",0
"Dorcopsis_atrata",0
"Macropus_giganteus",1
"Macropus_fuliginosus",1
"Macropus_parryi",1
"Macropus_parma",0
"Macropus_dorsalis",1
"Macropus_eugenii",0
"Macropus_agilis",1
"Macropus_rufogriseus",1
"Macropus_irma",0
"Wallabia_bicolor",1
"Wallabia_kitcheneri",1
"Macropus_antilopinus",1
"Macropus_robustus",1
"Macropus_rufus",1
"Macropus_bernardus",1
"Lagorchestes_conspicillatus",0
"Lagorchestes_hirsutus",0
"Setonix_brachyurus",0
"Onychogalea_fraenata",0
"Onychogalea_unguifera",0
"Caloprymnus_campestris",0
"Bettongia_lesueur",0
"Bettongia_gaimardi",0
"Bettongia_tropica",0
"Bettongia_penicillata",0
"Aepyprymnus_rufescens",0
"Potorous_platyops",0
"Potorous_tridactylus",0
"Potorous_gilbertii",0
"Potorous_longipes",0
"Propleopus_oscillans",0
"Hypsiprymnodon_moschatus",0
"Petaurus_biacensis",0
"Petaurus_breviceps",0
"Petaurus_gracilis",0
"Petaurus_norfolcensis",0
"Petaurus_abidi",0
"Petaurus_australis",0
"Dactylonax_palpator",0
"Dactylopsila_kambuayai",0
"Dactylopsila_trivirgata",0
"Gymnobelideus_leadbeateri",0
"Pseudocheirus_peregrinus",0
"Pseudochirulus_cinereus",0
"Pseudochirulus_herbertensis",0
"Pseudochirulus_canescens",0
"Pseudochirulus_forbesi",0
"Pseudochirulus_larvatus",0
"Pseudochirulus_mayeri",0
"Pseudochirulus_caroli",0
"Hemibelideus_lemuroides",0
"Petauroides_ayamaruensis",0
"Petauroides_volans",0
"Pseudochirops_archeri",0
"Pseudochirops_corinnae",0
"Pseudochirops_albertisii",0
"Pseudochirops_coronatus",0
"Pseudochirops_cupreus",0
"Petropseudes_dahli",0
"Tarsipes_rostratus",0
"Acrobates_pygmaeus",0
"Distoechurus_pennatus",0
"Phascolonus_gigas",1
"Lasiorhinus_krefftii",1
"Lasiorhinus_latifrons",1
"Vombatus_ursinus",1
"Vombatus_hacketti",1
"Warendja_wakefieldi",1
"Maokopia_ronaldi",1
"Zygomaturus_trilobus",1
"Diprotodon_optatum",1
"Palorchestes_azeal",1
"Thylacoleo_carnifex",0
"Phascolarctos_cinereus",1
"Myrmecobius_fasciatus",0
"Sarcophilus_harrisii",0
"Dasyurus_hallucatus",0
"Dasyurus_maculatus",0
"Dasyurus_albopunctatus",0
"Dasyurus_geoffroii",0
"Dasyurus_spartacus",0
"Dasyurus_viverrinus",0
"Neophascogale_lorentzii",0
"Phascolosorex_dorsalis",0
"Pseudantechinus_mimulus",0
"Pseudantechinus_roryi",0
"Pseudantechinus_macdonnellensis",0
"Pseudantechinus_woolleyae",0
"Pseudantechinus_bilarni",0
"Dasykaluta_rosamondae",0
"Dasyuroides_byrnei",0
"Pseudantechinus_ningbing",0
"Dasycercus_blythi",0
"Dasycercus_cristicauda",0
"Parantechinus_apicalis",0
"Myoictis_wallacei",0
"Myoictis_leucura",0
"Myoictis_wavicus",0
"Myoictis_melas",0
"Murexia_melanurus",0
"Murexia_longicaudata",0
"Murexia_naso",0
"Murexia_rothschildi",0
"Murexia_habbema",0
"Phascogale_tapoatafa",0
"Phascogale_pirata",0
"Phascogale_calura",0
"Antechinus_godmani",0
"Antechinus_bellus",0
"Antechinus_leo",0
"Antechinus_flavipes",0
"Antechinus_agilis",0
"Antechinus_adustus",0
"Antechinus_stuartii",0
"Antechinus_minimus",0
"Antechinus_swainsonii",0
"Planigale_maculata",0
"Planigale_ingrami",0
"Planigale_tenuirostris",0
"Planigale_gilesi",0
"Antechinomys_laniger",0
"Ningaui_timealeyi",0
"Ningaui_ridei",0
"Ningaui_yvonneae",0
"Sminthopsis_leucopus",0
"Sminthopsis_archeri",0
"Sminthopsis_dolichura",0
"Sminthopsis_ooldea",0
"Sminthopsis_youngsoni",0
"Sminthopsis_butleri",0
"Sminthopsis_murina",0
"Sminthopsis_gilberti",0
"Sminthopsis_hirtipes",0
"Sminthopsis_longicaudata",0
"Sminthopsis_granulipes",0
"Sminthopsis_psammophila",0
"Sminthopsis_griseoventer",0
"Sminthopsis_aitkeni",0
"Sminthopsis_macroura",0
"Sminthopsis_douglasi",0
"Sminthopsis_bindi",0
"Sminthopsis_crassicaudata",0
"Sminthopsis_virginiae",0
"Phascolosorex_doriae",0
"Thylacinus_cynocephalus",0
"Dromiciops_gliroides",0
"Lestodelphys_halli",0
"Thylamys_venustus",0
"Thylamys_cinderella",0
"Thylamys_pusillus",0
"Thylamys_citellus",0
"Thylamys_tatei",0
"Thylamys_pallidior",0
"Thylamys_elegans",0
"Thylamys_macrurus",0
"Thylamys_velutinus",0
"Thylamys_karimii",0
"Gracilinanus_microtarsus",0
"Gracilinanus_agilis",0
"Gracilinanus_aceramarcae",0
"Gracilinanus_emiliae",0
"Gracilinanus_marica",0
"Gracilinanus_dryas",0
"Cryptonanus_chacoensis",0
"Cryptonanus_unduaviensis",0
"Marmosops_impavidus",0
"Marmosops_neblina",0
"Marmosops_noctivagus",0
"Marmosops_incanus",0
"Marmosops_paulensis",0
"Marmosops_parvidens",0
"Marmosops_pinheiroi",0
"Metachirus_nudicaudatus",0
"Lutreolina_crassicaudata",0
"Lutreolina_massoia",0
"Philander_frenatus",0
"Philander_opossum",0
"Philander_mcilhennyi",0
"Philander_andersoni",0
"Didelphis_virginiana",0
"Didelphis_marsupialis",0
"Didelphis_aurita",0
"Didelphis_pernigra",0
"Didelphis_albiventris",0
"Didelphis_imperfecta",0
"Chironectes_minimus",0
"Monodelphis_reigi",0
"Monodelphis_adusta",0
"Monodelphis_osgoodi",0
"Monodelphis_emiliae",0
"Monodelphis_dimidiata",0
"Monodelphis_americana",0
"Monodelphis_brevicaudata",0
"Monodelphis_glirina",0
"Monodelphis_domestica",0
"Monodelphis_iheringi",0
"Monodelphis_scalops",0
"Monodelphis_kunsi",0
"Tlacuatzin_canescens",0
"Marmosa_demerarae",0
"Marmosa_paraguayanus",0
"Marmosa_regina",0
"Marmosa_phaea",0
"Marmosa_constantiae",0
"Marmosa_tyleriana",0
"Marmosa_murina",0
"Marmosa_quichua",0
"Marmosa_lepida",0
"Marmosa_rubra",0
"Marmosa_xerophila",0
"Marmosa_robinsoni",0
"Marmosa_mexicana",0
"Hyladelphys_kalinowskii",0
"Caluromysiops_irrupta",0
"Caluromys_derbianus",0
"Caluromys_lanatus",0
"Caluromys_philander",0
"Glironia_venusta",0
"Lestoros_inca",0
"Rhyncholestes_raphanurus",0
"Caenolestes_sangay",0
"Caenolestes_caniventer",0
"Caenolestes_convelatus",0
"Caenolestes_fuliginosus",0
"Eupleres_goudotii",0
"Eupleres_major",0
"Fossa_fossana",0
"Cryptoprocta_spelea",0
"Cryptoprocta_ferox",0
"Galidia_elegans",0
"Salanoia_concolor",0
"Mungotictis_decemlineata",0
"Galidictis_grandidieri",0
"Galidictis_fasciata",0
"Liberiictis_kuhni",0
"Suricata_suricatta",0
"Mungos_mungo",0
"Mungos_gambianus",0
"Crossarchus_obscurus",0
"Crossarchus_platycephalus",0
"Crossarchus_alexandri",0
"Helogale_parvula",0
"Helogale_hirtula",0
"Dologale_dybowskii",0
"Ichneumia_albicauda",0
"Bdeogale_nigripes",0
"Bdeogale_jacksoni",0
"Bdeogale_crassicauda",0
"Bdeogale_omnivora",0
"Rhynchogale_melleri",0
"Cynictis_penicillata",0
"Paracynictis_selousi",0
"Herpestes_urva",0
"Herpestes_brachyurus",0
"Herpestes_fuscus",0
"Herpestes_javanicus",0
"Herpestes_auropunctatus",0
"Herpestes_edwardsii",0
"Herpestes_smithii",0
"Herpestes_vitticollis",0
"Herpestes_naso",0
"Atilax_paludinosus",0
"Herpestes_sanguineus",0
"Herpestes_ochraceus",0
"Herpestes_pulverulentus",0
"Herpestes_ichneumon",0
"Crocuta_crocuta",0
"Hyaena_hyaena",0
"Parahyaena_brunnea",0
"Proteles_cristata",0
"Paradoxurus_hermaphroditus",0
"Paradoxurus_zeylonensis",0
"Paradoxurus_jerdoni",0
"Paguma_larvata",0
"Arctictis_binturong",0
"Arctogalidia_trivirgata",0
"Diplogale_hosei",0
"Chrotogale_owstoni",0
"Hemigalus_derbyanus",0
"Macrogalidia_musschenbroekii",0
"Cynogale_bennettii",0
"Genetta_abyssinica",0
"Genetta_thierryi",0
"Genetta_cristata",0
"Genetta_servalina",0
"Genetta_piscivora",0
"Genetta_johnstoni",0
"Genetta_tigrina",0
"Genetta_angolensis",0
"Genetta_bourloni",0
"Genetta_poensis",0
"Genetta_pardina",0
"Genetta_maculata",0
"Genetta_genetta",0
"Genetta_victoriae",0
"Poiana_leightoni",0
"Poiana_richardsonii",0
"Viverricula_indica",0
"Civettictis_civetta",0
"Viverra_zibetha",0
"Viverra_civettina",0
"Viverra_megaspila",0
"Viverra_tangalunga",0
"Prionodon_pardicolor",0
"Prionodon_linsang",0
"Smilodon_populator",0
"Smilodon_fatalis",0
"Homotherium_latidens",0
"Homotherium_serum",0
"Herpailurus_yagouaroundi",0
"Miracinonyx_trumani",0
"Puma_concolor",0
"Acinonyx_jubatus",0
"Felis_margarita",0
"Felis_bieti",0
"Felis_silvestris",0
"Felis_nigripes",0
"Felis_chaus",0
"Otocolobus_manul",0
"Prionailurus_rubiginosus",0
"Prionailurus_planiceps",0
"Prionailurus_bengalensis",0
"Prionailurus_viverrinus",0
"Lynx_rufus",0
"Lynx_canadensis",0
"Lynx_lynx",0
"Lynx_pardinus",0
"Leopardus_jacobita",0
"Leopardus_amnicola",0
"Leopardus_wiedii",0
"Leopardus_pardalis",0
"Leopardus_guttulus",0
"Leopardus_tigrinus",0
"Leopardus_colocolo",0
"Leopardus_guigna",0
"Leopardus_geoffroyi",0
"Pardofelis_marmorata",0
"Catopuma_temminckii",0
"Catopuma_badia",0
"Leptailurus_serval",0
"Caracal_caracal",0
"Caracal_aurata",0
"Neofelis_diardi",0
"Neofelis_nebulosa",0
"Panthera_pardus",0
"Panthera_onca",0
"Panthera_atrox",0
"Panthera_spelaea",0
"Panthera_leo",0
"Panthera_uncia",0
"Panthera_tigris",0
"Nandinia_binotata",0
"Canis_adustus",0
"Canis_mesomelas",0
"Lycaon_pictus",0
"Cuon_alpinus",0
"Canis_aureus",0
"Canis_latrans",0
"Canis_simensis",0
"Canis_lupus",0
"Canis_rufus",0
"Canis_dirus",0
"Cerdocyon_thous",0
"Atelocynus_microtis",0
"Lycalopex_culpaeus",0
"Lycalopex_gymnocercus",0
"Lycalopex_griseus",0
"Lycalopex_fulvipes",0
"Lycalopex_vetulus",0
"Lycalopex_sechurae",0
"Speothos_venaticus",0
"Chrysocyon_brachyurus",0
"Dusicyon_australis",0
"Dusicyon_avus",0
"Nyctereutes_procyonoides",0
"Otocyon_megalotis",0
"Vulpes_zerda",0
"Vulpes_cana",0
"Vulpes_chama",0
"Vulpes_pallida",0
"Vulpes_lagopus",0
"Vulpes_macrotis",0
"Vulpes_velox",0
"Vulpes_corsac",0
"Vulpes_bengalensis",0
"Vulpes_rueppellii",0
"Vulpes_vulpes",0
"Urocyon_cinereoargenteus",0
"Urocyon_littoralis",0
"Mustela_africana",0
"Neovison_vison",0
"Neovison_macrodon",0
"Mustela_frenata",0
"Mustela_felipei",0
"Mustela_kathiah",0
"Mustela_nivalis",0
"Mustela_subpalmata",0
"Mustela_altaica",0
"Mustela_putorius",0
"Mustela_eversmanii",0
"Mustela_nigripes",0
"Mustela_itatsi",0
"Mustela_sibirica",0
"Mustela_lutreolina",0
"Mustela_erminea",0
"Mustela_strigidorsa",0
"Mustela_nudipes",0
"Enhydra_lutris",0
"Lutra_sumatrana",0
"Lutra_lutra",0
"Aonyx_capensis",0
"Aonyx_congicus",0
"Lutrogale_perspicillata",0
"Aonyx_cinereus",0
"Hydrictis_maculicollis",0
"Lontra_felina",0
"Lontra_provocax",0
"Lontra_longicaudis",0
"Lontra_canadensis",0
"Pteronura_brasiliensis",0
"Vormela_peregusna",0
"Poecilogale_albinucha",0
"Ictonyx_striatus",0
"Ictonyx_libycus",0
"Galictis_cuja",0
"Galictis_vittata",0
"Lyncodon_patagonicus",0
"Melogale_moschata",0
"Melogale_personata",0
"Melogale_cucphuongensis",0
"Martes_pennanti",0
"Gulo_gulo",0
"Martes_flavigula",0
"Martes_gwatkinsii",0
"Martes_melampus",0
"Martes_americana",0
"Martes_martes",0
"Martes_zibellina",0
"Martes_foina",0
"Eira_barbara",0
"Meles_anakuma",0
"Meles_leucurus",0
"Meles_meles",0
"Arctonyx_collaris",0
"Arctonyx_albogularis",0
"Mellivora_capensis",0
"Taxidea_taxus",0
"Potos_flavus",0
"Bassariscus_sumichrasti",0
"Bassariscus_astutus",0
"Procyon_cancrivorus",0
"Procyon_lotor",0
"Procyon_pygmaeus",0
"Nasua_nasua",0
"Nasua_narica",0
"Nasuella_olivacea",0
"Nasuella_meridensis",0
"Bassaricyon_alleni",0
"Bassaricyon_medius",0
"Bassaricyon_gabbii",0
"Bassaricyon_neblina",0
"Ailurus_fulgens",0
"Conepatus_humboldtii",0
"Conepatus_semistriatus",0
"Conepatus_chinga",0
"Conepatus_leuconotus",0
"Spilogale_gracilis",0
"Spilogale_angustifrons",0
"Spilogale_putorius",0
"Mephitis_macroura",0
"Mephitis_mephitis",0
"Brachyprotoma_obtusata",0
"Mydaus_javanensis",0
"Mydaus_marchei",0
"Odobenus_rosmarus",0
"Otaria_byronia",0
"Arctocephalus_tropicalis",0
"Arctocephalus_pusillus",0
"Arctocephalus_philippii",0
"Arctocephalus_townsendi",0
"Arctocephalus_gazella",0
"Phocarctos_hookeri",0
"Arctocephalus_australis",0
"Arctocephalus_galapagoensis",0
"Arctocephalus_forsteri",0
"Zalophus_californianus",0
"Zalophus_wollebaeki",0
"Zalophus_japonicus",0
"Eumetopias_jubatus",0
"Callorhinus_ursinus",0
"Erignathus_barbatus",0
"Cystophora_cristata",0
"Pagophilus_groenlandicus",0
"Histriophoca_fasciata",0
"Pusa_caspica",0
"Pusa_sibirica",0
"Pusa_hispida",0
"Halichoerus_grypus",0
"Phoca_largha",0
"Phoca_vitulina",0
"Monachus_monachus",0
"Neomonachus_schauinslandi",0
"Neomonachus_tropicalis",0
"Leptonychotes_weddellii",0
"Hydrurga_leptonyx",0
"Ommatophoca_rossii",0
"Lobodon_carcinophaga",0
"Mirounga_angustirostris",0
"Ailuropoda_melanoleuca",1
"Ursus_thibetanus",0
"Ursus_americanus",0
"Ursus_spelaeus",1
"Ursus_arctos",0
"Ursus_maritimus",0
"Melursus_ursinus",0
"Helarctos_malayanus",0
"Tremarctos_floridanus",1
"Tremarctos_ornatus",1
"Arctotherium_tarijense",0
"Arctotherium_wingei",0
"Arctodus_simus",0
"Manis_pentadactyla",0
"Manis_crassicaudata",0
"Manis_culionensis",0
"Manis_javanica",0
"Phataginus_tetradactyla",0
"Phataginus_tricuspis",0
"Smutsia_gigantea",0
"Smutsia_temminckii",0
"Tapirus_indicus",1
"Tapirus_terrestris",1
"Tapirus_pinchaque",1
"Tapirus_veroensis",1
"Tapirus_merriami",1
"Tapirus_bairdii",1
"Dicerorhinus_sumatrensis",1
"Coelodonta_antiquitatis",1
"Rhinoceros_sondaicus",1
"Rhinoceros_unicornis",1
"Diceros_bicornis",1
"Ceratotherium_simum",1
"Elasmotherium_sibiricum",1
"Hippidion_principale",1
"Hippidion_devillei",1
"Equus_ferus",1
"Equus_hydruntinus",1
"Equus_quagga",1
"Equus_grevyi",1
"Equus_hemionus",1
"Equus_francisci",1
"Equus_zebra",1
"Equus_africanus",1
"Equus_ovodovi",1
"Equus_kiang",1
"Macrauchenia_patachonica",1
"Xenorhinotherium_bahiense",1
"Neolicaphrium_recens",1
"Toxodon_platensis",1
"Trigonodops_lopesi",1
"Mixotoxodon_larensis",1
"Boselaphus_tragocamelus",1
"Tetracerus_quadricornis",1
"Tragelaphus_angasii",1
"Tragelaphus_strepsiceros",1
"Tragelaphus_buxtoni",1
"Tragelaphus_imberbis",1
"Tragelaphus_eurycerus",1
"Tragelaphus_spekii",1
"Tragelaphus_scriptus",1
"Tragelaphus_oryx",1
"Tragelaphus_derbianus",1
"Pseudoryx_nghetinhensis",1
"Bos_javanicus",1
"Bos_gaurus",1
"Bos_sauveli",1
"Bison_bonasus",1
"Bos_primigenius",1
"Bos_mutus",1
"Bison_bison",1
"Bubalus_depressicornis",1
"Bubalus_quarlesi",1
"Bubalus_grovesi",1
"Bubalus_arnee",1
"Bubalus_mindorensis",1
"Syncerus_caffer",1
"Pelorovis_antiquus",1
"Aepyceros_melampus",1
"Nesotragus_moschatus",0
"Neotragus_batesi",0
"Neotragus_pygmaeus",0
"Philantomba_maxwellii",0
"Philantomba_monticola",0
"Sylvicapra_grimmia",0
"Cephalophus_zebra",0
"Cephalophus_callipygus",0
"Cephalophus_weynsi",0
"Cephalophus_ogilbyi",0
"Cephalophus_leucogaster",0
"Cephalophus_natalensis",0
"Cephalophus_harveyi",1
"Cephalophus_rufilatus",0
"Cephalophus_nigrifrons",0
"Cephalophus_adersi",0
"Cephalophus_niger",0
"Cephalophus_jentinki",0
"Cephalophus_spadix",0
"Cephalophus_silvicultor",0
"Cephalophus_dorsalis",0
"Ourebia_ourebi",1
"Procapra_przewalskii",1
"Procapra_gutturosa",1
"Procapra_picticaudata",1
"Saiga_tatarica",1
"Antilope_cervicapra",1
"Gazella_bennettii",1
"Gazella_subgutturosa",1
"Gazella_gazella",1
"Gazella_saudiya",1
"Gazella_dorcas",1
"Gazella_spekei",1
"Gazella_leptoceros",1
"Gazella_cuvieri",1
"Nanger_dama",1
"Nanger_soemmerringii",1
"Nanger_granti",1
"Eudorcas_thomsonii",1
"Eudorcas_albonotata",1
"Eudorcas_rufifrons",1
"Eudorcas_rufina",1
"Litocranius_walleri",1
"Antidorcas_marsupialis",1
"Antidorcas_bondi",1
"Raphicerus_melanotis",1
"Raphicerus_sharpei",0
"Raphicerus_campestris",1
"Dorcatragus_megalotis",1
"Madoqua_saltiana",0
"Madoqua_kirkii",0
"Madoqua_guentheri",0
"Pelea_capreolus",1
"Kobus_leche",1
"Kobus_megaceros",1
"Kobus_kob",1
"Kobus_vardonii",1
"Kobus_ellipsiprymnus",1
"Redunca_arundinum",1
"Redunca_redunca",1
"Redunca_fulvorufula",1
"Oreotragus_oreotragus",1
"Connochaetes_taurinus",1
"Connochaetes_gnou",1
"Alcelaphus_buselaphus",1
"Damaliscus_lunatus",1
"Damaliscus_pygargus",1
"Damaliscus_hypsodon",1
"Beatragus_hunteri",1
"Oryx_gazella",1
"Oryx_dammah",1
"Oryx_leucoryx",1
"Oryx_beisa",1
"Addax_nasomaculatus",1
"Hippotragus_equinus",1
"Hippotragus_leucophaeus",1
"Hippotragus_niger",1
"Capricornis_crispus",1
"Ovibos_moschatus",1
"Capricornis_swinhoei",1
"Capricornis_sumatraensis",1
"Naemorhedus_caudatus",1
"Naemorhedus_goral",1
"Naemorhedus_baileyi",1
"Naemorhedus_griseus",1
"Ovis_orientalis",1
"Ovis_ammon",1
"Ovis_nivicola",1
"Ovis_canadensis",1
"Ovis_dalli",1
"Nilgiritragus_hylocrius",1
"Budorcas_taxicolor",1
"Capra_caucasica",1
"Capra_cylindricornis",1
"Capra_aegagrus",1
"Capra_falconeri",1
"Capra_walie",1
"Capra_nubiana",1
"Capra_pyrenaica",1
"Capra_ibex",1
"Capra_sibirica",1
"Hemitragus_jemlahicus",1
"Hemitragus_cedrensis",1
"Pseudois_nayaur",1
"Arabitragus_jayakari",1
"Ammotragus_lervia",1
"Myotragus_balearicus",1
"Rupicapra_pyrenaica",1
"Rupicapra_rupicapra",1
"Oreamnos_americanus",1
"Oreamnos_harringtoni",1
"Pantholops_hodgsonii",1
"Alces_alces",1
"Cervalces_scotti",1
"Rangifer_tarandus",1
"Blastocerus_dichotomus",1
"Ozotoceros_bezoarticus",1
"Hippocamelus_antisensis",1
"Hippocamelus_bisulcus",1
"Pudu_puda",0
"Pudu_mephistophiles",0
"Mazama_nemorivaga",1
"Mazama_gouazoubira",1
"Mazama_rufina",1
"Mazama_americana",1
"Mazama_pandora",1
"Mazama_bororo",1
"Mazama_nana",1
"Odocoileus_hemionus",1
"Odocoileus_virginianus",1
"Navahoceros_fricki",1
"Capreolus_capreolus",1
"Capreolus_miyakoensis",1
"Capreolus_pygargus",1
"Hydropotes_inermis",1
"Muntiacus_crinifrons",1
"Muntiacus_feae",1
"Muntiacus_vuquangensis",1
"Muntiacus_putaoensis",1
"Muntiacus_reevesi",1
"Muntiacus_vaginalis",1
"Muntiacus_muntjak",1
"Dicroceros_spA",1
"Elaphodus_cephalophus",1
"Candiacervus_dorothensis",1
"Candiacervus_cretensis",1
"Praemegaceros_cazioti",1
"Megaloceros_giganteus",1
"Sinomegaceros_yabei",1
"Sinomegaceros_ordosianus",1
"Megaceroides_algericus",1
"Elaphurus_davidianus",1
"Cervus_elaphus",1
"Cervus_canadensis",1
"Cervus_nippon",1
"Cervus_astylodon",1
"Cervus_albirostris",1
"Rusa_timorensis",1
"Rusa_unicolor",1
"Rusa_alfredi",1
"Rucervus_schomburgki",1
"Rucervus_duvaucelii",1
"Rucervus_eldii",1
"Axis_kuhlii",1
"Axis_porcinus",1
"Axis_axis",1
"Dama_dama",1
"Dama_mesopotamica",1
"Moschus_leucogaster",1
"Moschus_berezovskii",0
"Moschus_anhuiensis",0
"Moschus_chrysogaster",1
"Moschus_fuscus",1
"Moschus_moschiferus",1
"Antilocapra_americana",1
"Capromeryx_minor",1
"Stockoceros_conklingi",1
"Tetrameryx_shuleri",1
"Giraffa_camelopardalis",1
"Okapia_johnstoni",1
"Tragulus_kanchil",0
"Tragulus_javanicus",0
"Tragulus_napu",0
"Tragulus_nigricans",0
"Hyemoschus_aquaticus",1
"Moschiola_indica",0
"Moschiola_meminna",0
"Choeropsis_liberiensis",1
"Hexaprotodon_sivalensis",1
"Hippopotamus_madagascariensis",1
"Hippopotamus_amphibius",1
"Babyrousa_celebensis",0
"Babyrousa_babyrussa",1
"Phacochoerus_aethiopicus",0
"Phacochoerus_africanus",0
"Hylochoerus_meinertzhageni",1
"Potamochoerus_larvatus",0
"Potamochoerus_porcus",0
"Sus_cebifrons",0
"Sus_barbatus",0
"Sus_brachgnathus",0
"Sus_verrucosus",0
"Sus_celebensis",0
"Sus_scrofa",0
"Sus_philippensis",0
"Porcula_salvania",0
"Catagonus_stenocephalus",1
"Catagonus_wagneri",1
"Pecari_tajacu",1
"Mylohyus_nasutus",1
"Platygonus_compressus",1
"Tayassu_pecari",1
"Camelus_dromedarius",1
"Camelus_ferus",1
"Camelops_hesternus",1
"Lama_guanicoe",1
"Vicugna_vicugna",1
"Hemiauchenia_macrocephala",1
"Hemiauchenia_paradoxa",1
"Palaeolama_major",1
"Palaeolama_mirifica",1
"Palaeolama_weddeli",1
"Atelerix_algirus",0
"Atelerix_frontalis",0
"Atelerix_sclateri",0
"Atelerix_albiventris",0
"Paraechinus_aethiopicus",0
"Paraechinus_hypomelas",0
"Paraechinus_micropus",0
"Paraechinus_nudiventris",0
"Hemiechinus_auritus",0
"Hemiechinus_collaris",0
"Mesechinus_dauuricus",0
"Mesechinus_hughi",0
"Erinaceus_roumanicus",0
"Erinaceus_concolor",0
"Erinaceus_europaeus",0
"Erinaceus_amurensis",0
"Hylomys_suillus",0
"Hylomys_parvus",0
"Neotetracus_sinensis",0
"Neohylomys_hainanensis",0
"Echinosorex_gymnura",0
"Podogymnura_truei",0
"Podogymnura_aureospinula",0
"Hylomys_megalotis",0
"Sorex_trowbridgii",0
"Sorex_arizonae",0
"Sorex_saussurei",0
"Sorex_mediopua",0
"Sorex_fumeus",0
"Sorex_ornatus",0
"Sorex_vagrans",0
"Sorex_sonomae",0
"Sorex_pacificus",0
"Sorex_bairdi",0
"Sorex_palustris",0
"Sorex_alaskanus",0
"Sorex_bendirii",0
"Sorex_monticolus",0
"Sorex_neomexicanus",0
"Sorex_hoyi",0
"Sorex_rohweri",0
"Sorex_camtschatica",0
"Sorex_pribilofensis",0
"Sorex_portenkoi",0
"Sorex_jacksoni",0
"Sorex_ugyunak",0
"Sorex_preblei",0
"Sorex_haydeni",0
"Sorex_cinereus",0
"Sorex_longirostris",0
"Sorex_dispar",0
"Sorex_tenellus",0
"Sorex_alpinus",0
"Sorex_bedfordiae",0
"Sorex_excelsus",0
"Sorex_cylindricauda",0
"Sorex_mirabilis",0
"Sorex_roboratus",0
"Sorex_samniticus",0
"Sorex_daphaenodon",0
"Sorex_coronatus",0
"Sorex_antinorii",0
"Sorex_arunchi",0
"Sorex_satunini",0
"Sorex_araneus",0
"Sorex_granarius",0
"Sorex_tundrensis",0
"Sorex_asper",0
"Sorex_arcticus",0
"Sorex_maritimensis",0
"Sorex_raddei",0
"Sorex_caecutiens",0
"Sorex_cansulus",0
"Sorex_shinto",0
"Sorex_unguiculatus",0
"Sorex_isodon",0
"Sorex_sinalis",0
"Sorex_yukonicus",0
"Sorex_minutissimus",0
"Sorex_minutus",0
"Sorex_volnuchini",0
"Sorex_kozlovi",0
"Sorex_gracillimus",0
"Blarinella_griselda",0
"Cryptotis_goldmani",0
"Cryptotis_alticola",0
"Cryptotis_parva",0
"Cryptotis_orophila",0
"Cryptotis_mexicana",0
"Cryptotis_nelsoni",0
"Cryptotis_magna",0
"Blarina_carolinensis",0
"Blarina_brevicauda",0
"Blarina_hylophaga",0
"Notiosorex_crawfordi",0
"Notiosorex_cockrumi",0
"Megasorex_gigas",0
"Chodsigoa_caovansunga",0
"Chodsigoa_parca",0
"Chodsigoa_hypsibia",0
"Chodsigoa_lamula",0
"Chodsigoa_parva",0
"Chodsigoa_sodalis",0
"Soriculus_nigrescens",0
"Episoriculus_macrurus",0
"Episoriculus_leucops",0
"Episoriculus_caudatus",0
"Nectogale_elegans",0
"Chimarrogale_platycephalus",0
"Chimarrogale_himalayica",0
"Chimarrogale_phaeura",0
"Episoriculus_fumidus",0
"Neomys_teres",0
"Neomys_anomalus",0
"Neomys_fodiens",0
"Anourosorex_squamipes",0
"Anourosorex_yamashinai",0
"Myosorex_varius",0
"Myosorex_cafer",0
"Myosorex_sclateri",0
"Myosorex_longicaudatus",0
"Myosorex_blarina",0
"Myosorex_kihaulei",0
"Myosorex_geata",0
"Myosorex_zinki",0
"Congosorex_polli",0
"Congosorex_phillipsorum",0
"Suncus_varilla",0
"Suncus_lixus",0
"Suncus_aequatorius",0
"Suncus_infinitesimus",0
"Suncus_remyi",0
"Scutisorex_somereni",0
"Sylvisorex_granti",0
"Sylvisorex_camerunensis",0
"Sylvisorex_ollula",0
"Sylvisorex_oriundus",0
"Suncus_megalura",0
"Ruwenzorisorex_suncoides",0
"Sylvisorex_lunaris",0
"Sylvisorex_johnstoni",0
"Sylvisorex_howelli",0
"Sylvisorex_vulcanorum",0
"Sylvisorex_konganensis",0
"Crocidura_dolichura",0
"Crocidura_roosevelti",0
"Crocidura_mariquensis",0
"Crocidura_silacea",0
"Crocidura_denti",0
"Crocidura_maurisca",0
"Crocidura_macowi",0
"Crocidura_hildegardeae",0
"Crocidura_foxi",0
"Crocidura_longipes",0
"Crocidura_theresae",0
"Crocidura_turba",0
"Crocidura_tarella",0
"Crocidura_batesi",0
"Crocidura_buettikoferi",0
"Crocidura_attila",0
"Crocidura_nigeriae",0
"Crocidura_poensis",0
"Crocidura_grandiceps",0
"Crocidura_cyanea",0
"Crocidura_gracilipes",0
"Crocidura_grassei",0
"Crocidura_crenata",0
"Crocidura_ludia",0
"Crocidura_fuscomurina",0
"Crocidura_planiceps",0
"Crocidura_crossei",0
"Crocidura_jouvenetae",0
"Crocidura_lusitania",0
"Crocidura_montis",0
"Crocidura_muricauda",0
"Crocidura_douceti",0
"Crocidura_nimbae",0
"Crocidura_wimmeri",0
"Paracrocidura_maxima",0
"Paracrocidura_graueri",0
"Crocidura_nanilla",0
"Crocidura_lamottei",0
"Crocidura_parvipes",0
"Crocidura_fulvastra",0
"Crocidura_viaria",0
"Crocidura_goliath",0
"Crocidura_olivieri",0
"Crocidura_mutesae",0
"Crocidura_flavescens",0
"Crocidura_hirta",0
"Crocidura_xantippe",0
"Crocidura_russula",0
"Crocidura_pachyura",0
"Crocidura_zarudnyi",0
"Crocidura_shantungensis",0
"Crocidura_caspica",0
"Crocidura_suaveolens",0
"Crocidura_sibirica",0
"Crocidura_aleksandrisi",0
"Crocidura_bottegoides",0
"Crocidura_dsinezumi",0
"Crocidura_rapax",0
"Crocidura_lasiura",0
"Crocidura_attenuata",0
"Crocidura_trichura",0
"Crocidura_wuchihensis",0
"Crocidura_fuliginosa",0
"Crocidura_tenuis",0
"Crocidura_indochinensis",0
"Crocidura_tanakae",0
"Crocidura_paradoxura",0
"Crocidura_watasei",0
"Crocidura_maxi",0
"Crocidura_monticola",0
"Crocidura_mindorus",0
"Crocidura_malayana",0
"Crocidura_negligens",0
"Crocidura_brunnea",0
"Crocidura_orientalis",0
"Crocidura_lepidura",0
"Crocidura_beccarii",0
"Crocidura_nigripes",0
"Crocidura_foetida",0
"Crocidura_palawanensis",0
"Crocidura_grayi",0
"Crocidura_negrina",0
"Crocidura_beatus",0
"Crocidura_orii",0
"Crocidura_miya",0
"Crocidura_hikmiya",0
"Crocidura_horsfieldii",0
"Diplomesodon_pulchellum",0
"Crocidura_elongata",0
"Crocidura_musseri",0
"Crocidura_rhoditis",0
"Crocidura_levicula",0
"Crocidura_fumosa",0
"Crocidura_luna",0
"Crocidura_macmillani",0
"Crocidura_glassi",0
"Crocidura_thalia",0
"Crocidura_lucina",0
"Crocidura_baileyi",0
"Crocidura_obscurior",0
"Crocidura_sicula",0
"Crocidura_canariensis",0
"Crocidura_tarfayensis",0
"Crocidura_zimmermanni",0
"Crocidura_ramona",0
"Crocidura_monax",0
"Crocidura_littoralis",0
"Crocidura_leucodon",0
"Suncus_madagascariensis",0
"Suncus_etruscus",0
"Suncus_fellowesgordoni",0
"Suncus_malayanus",0
"Suncus_murinus",0
"Suncus_montanus",0
"Suncus_stoliczkanus",0
"Suncus_dayi",0
"Scaptonyx_fusicaudus",0
"Dymecodon_pilirostris",0
"Urotrichus_talpoides",0
"Galemys_pyrenaicus",0
"Desmana_moschata",0
"Uropsilus_gracilis",0
"Condylura_cristata",0
"Mogera_insularis",0
"Mogera_tokudae",0
"Mogera_etigo",0
"Mogera_wogura",0
"Mogera_robusta",0
"Mogera_imaizumii",0
"Mogera_uchidai",0
"Euroscaptor_klossi",0
"Euroscaptor_longirostris",0
"Scaptochirus_moschatus",0
"Euroscaptor_mizura",0
"Talpa_caeca",0
"Talpa_caucasica",0
"Talpa_altaica",0
"Scapanus_latimanus",0
"Scapanus_orarius",0
"Scapanus_townsendii",0
"Scalopus_aquaticus",0
"Parascalops_breweri",0
"Neurotrichus_gibbsii",0
"Solenodon_marcanoi",0
"Solenodon_cubanus",0
"Nesophontes_edithae",0
"Nesophontes_hypomicrus",0
"Cheirogaleus_sibreei",0
"Cheirogaleus_major",0
"Cheirogaleus_crossleyi",0
"Cheirogaleus_medius",0
"Mirza_coquereli",0
"Mirza_zaza",0
"Microcebus_murinus",0
"Microcebus_myoxinus",0
"Microcebus_berthae",0
"Microcebus_lehilahytsara",0
"Microcebus_griseorufus",0
"Microcebus_simmonsi",0
"Microcebus_jollyae",0
"Microcebus_mittermeieri",0
"Microcebus_tavaratra",0
"Microcebus_rufus",0
"Microcebus_margotmarshae",0
"Microcebus_sambiranensis",0
"Microcebus_arnholdi",0
"Microcebus_mamiratra",0
"Microcebus_ravelobensis",0
"Microcebus_bongolavensis",0
"Microcebus_danfossi",0
"Microcebus_macarthurii",0
"Microcebus_marohita",0
"Allocebus_trichotis",0
"Phaner_furcifer",0
"Phaner_electromontis",0
"Lepilemur_wrightae",0
"Lepilemur_fleuretae",0
"Lepilemur_mustelinus",0
"Lepilemur_seali",0
"Lepilemur_tymerlachsoni",0
"Lepilemur_jamesorum",0
"Lepilemur_milanoii",0
"Lepilemur_microdon",0
"Lepilemur_betsileo",0
"Lepilemur_edwardsi",0
"Lepilemur_grewcockorum",0
"Lepilemur_otto",0
"Lepilemur_septentrionalis",0
"Lepilemur_dorsalis",0
"Lepilemur_ankaranensis",0
"Lepilemur_mittermeieri",0
"Lepilemur_sahamalazensis",0
"Lepilemur_aeeclis",0
"Lepilemur_ahmansonorum",0
"Lepilemur_hubbardorum",0
"Lepilemur_ruficaudatus",0
"Lepilemur_randrianasoloi",0
"Lepilemur_petteri",0
"Lepilemur_leucopus",0
"Mesopropithecus_globiceps",1
"Mesopropithecus_pithecoides",1
"Palaeopropithecus_ingens",1
"Palaeopropithecus_maximus",1
"Indri_indri",0
"Propithecus_edwardsi",0
"Propithecus_perrieri",0
"Propithecus_diadema",0
"Propithecus_deckenii",0
"Propithecus_coronatus",0
"Propithecus_verreauxi",0
"Propithecus_coquereli",0
"Propithecus_tattersalli",0
"Avahi_cleesei",0
"Avahi_occidentalis",0
"Avahi_unicolor",0
"Avahi_betsileo",0
"Avahi_ramanantsoavanai",0
"Avahi_meridionalis",0
"Avahi_laniger",0
"Avahi_peyrierasi",0
"Archaeolemur_edwardsi",0
"Archaeolemur_majori",0
"Megaladapis_grandidieri",1
"Megaladapis_edwardsi",1
"Varecia_rubra",0
"Varecia_variegata",0
"Pachylemur_insignis",0
"Pachylemur_jullyi",0
"Prolemur_simus",0
"Eulemur_rubriventer",0
"Eulemur_flavifrons",0
"Eulemur_macaco",0
"Eulemur_coronatus",0
"Eulemur_fulvus",0
"Eulemur_albifrons",0
"Eulemur_sanfordi",0
"Eulemur_collaris",0
"Eulemur_cinereiceps",0
"Eulemur_rufus",0
"Eulemur_rufifrons",0
"Eulemur_mongoz",0
"Lemur_catta",0
"Hapalemur_meridionalis",0
"Hapalemur_griseus",0
"Hapalemur_occidentalis",0
"Hapalemur_alaotrensis",0
"Hapalemur_aureus",0
"Daubentonia_madagascariensis",0
"Daubentonia_robustus",0
"Euoticus_elegantulus",0
"Euoticus_pallidus",0
"Galagoides_zanzibaricus",0
"Galagoides_granti",0
"Galagoides_demidoff",0
"Otolemur_crassicaudatus",0
"Otolemur_garnettii",0
"Sciurocheirus_gabonensis",0
"Sciurocheirus_alleni",0
"Galago_gallarum",0
"Galago_matschiei",0
"Galago_senegalensis",0
"Galago_moholi",0
"Perodicticus_edwardsi",0
"Perodicticus_potto",0
"Arctocebus_calabarensis",0
"Arctocebus_aureus",0
"Nycticebus_pygmaeus",0
"Nycticebus_menagensis",0
"Nycticebus_bengalensis",0
"Nycticebus_coucang",0
"Nycticebus_javanicus",0
"Loris_lydekkerianus",0
"Loris_tardigradus",0
"Saguinus_tripartitus",0
"Saguinus_nigricollis",0
"Saguinus_melanoleucus",0
"Saguinus_fuscicollis",0
"Saguinus_leucopus",0
"Saguinus_imperator",0
"Saguinus_labiatus",0
"Saguinus_inustus",0
"Saguinus_mystax",0
"Saguinus_niger",0
"Saguinus_midas",0
"Saguinus_martinsi",0
"Saguinus_bicolor",0
"Saguinus_geoffroyi",0
"Saguinus_oedipus",0
"Leontopithecus_rosalia",0
"Leontopithecus_chrysomelas",0
"Leontopithecus_caissara",0
"Leontopithecus_chrysopygus",0
"Callimico_goeldii",0
"Mico_humilis",0
"Mico_humeralifer",0
"Mico_chrysoleucos",0
"Mico_mauesi",0
"Mico_argentatus",0
"Mico_acariensis",0
"Mico_emiliae",0
"Cebuella_pygmaea",0
"Callithrix_aurita",0
"Callithrix_flaviceps",0
"Callithrix_penicillata",0
"Callithrix_jacchus",0
"Callithrix_kuhlii",0
"Callithrix_geoffroyi",0
"Aotus_nigriceps",0
"Aotus_vociferans",0
"Aotus_griseimembra",0
"Aotus_lemurinus",0
"Aotus_trivirgatus",0
"Aotus_zonalis",0
"Aotus_nancymaae",0
"Aotus_brumbacki",0
"Aotus_azarae",0
"Saimiri_vanzolinii",0
"Saimiri_oerstedii",0
"Saimiri_sciureus",0
"Saimiri_ustus",0
"Saimiri_boliviensis",0
"Sapajus_nigritus",0
"Sapajus_robustus",0
"Sapajus_cay",0
"Sapajus_flavius",0
"Sapajus_apella",0
"Sapajus_xanthosternos",0
"Cebus_kaapori",0
"Cebus_capucinus",0
"Cebus_aequatorialis",0
"Cebus_albifrons",0
"Cebus_brunneus",0
"Alouatta_pigra",0
"Alouatta_palliata",0
"Alouatta_guariba",0
"Alouatta_belzebul",0
"Alouatta_discolor",0
"Alouatta_nigerrima",0
"Alouatta_seniculus",0
"Alouatta_sara",0
"Alouatta_macconnelli",0
"Alouatta_caraya",0
"Ateles_paniscus",0
"Ateles_chamek",0
"Ateles_marginatus",0
"Ateles_fusciceps",0
"Ateles_geoffroyi",0
"Ateles_belzebuth",0
"Ateles_hybridus",0
"Brachyteles_hypoxanthus",0
"Brachyteles_arachnoides",1
"Lagothrix_lagotricha",0
"Lagothrix_cana",0
"Oreonax_flavicauda",0
"Callicebus_modestus",0
"Callicebus_donacophilus",0
"Callicebus_pallescens",0
"Callicebus_caligatus",0
"Callicebus_moloch",0
"Callicebus_cinerascens",0
"Callicebus_brunneus",0
"Callicebus_ornatus",0
"Callicebus_cupreus",0
"Callicebus_purinus",0
"Callicebus_torquatus",0
"Callicebus_lugens",0
"Callicebus_hoffmannsi",0
"Callicebus_baptista",0
"Callicebus_nigrifrons",0
"Callicebus_personatus",0
"Callicebus_coimbrai",0
"Antillothrix_bernensis",0
"Xenothrix_mcgregori",0
"Chiropotes_utahickae",0
"Chiropotes_chiropotes",0
"Chiropotes_albinasus",0
"Cacajao_hosomi",0
"Cacajao_calvus",0
"Pithecia_pithecia",0
"Pithecia_chrysocephala",0
"Pithecia_vanzolinii",0
"Pithecia_milleri",0
"Pongo_abelii",0
"Pongo_pygmaeus",0
"Gorilla_gorilla",1
"Gorilla_beringei",1
"Homo_neanderthalensis",0
"Homo_sapiens",0
"Homo_spDenisova",0
"Homo_floresiensis",0
"Pan_paniscus",1
"Pan_troglodytes",0
"Nomascus_concolor",0
"Nomascus_nasutus",0
"Nomascus_hainanus",0
"Nomascus_gabriellae",0
"Nomascus_leucogenys",0
"Nomascus_siki",0
"Symphalangus_syndactylus",0
"Hylobates_pileatus",0
"Hylobates_agilis",0
"Hylobates_albibarbis",0
"Hylobates_muelleri",0
"Hylobates_klossii",0
"Hylobates_moloch",0
"Hylobates_lar",0
"Hoolock_hoolock",0
"Hoolock_leuconedys",0
"Colobus_satanas",1
"Colobus_angolensis",1
"Colobus_polykomos",0
"Colobus_vellerosus",1
"Colobus_guereza",1
"Procolobus_verus",0
"Piliocolobus_kirkii",0
"Piliocolobus_gordonorum",0
"Piliocolobus_badius",0
"Piliocolobus_temminckii",0
"Piliocolobus_bouvieri",1
"Piliocolobus_pennantii",1
"Piliocolobus_preussi",0
"Piliocolobus_oustaleti",1
"Piliocolobus_rufomitratus",0
"Presbytis_comata",0
"Presbytis_potenziani",0
"Presbytis_rubicunda",0
"Presbytis_melalophos",0
"Presbytis_hosei",0
"Presbytis_femoralis",0
"Presbytis_chrysomelas",0
"Presbytis_frontata",0
"Presbytis_thomasi",0
"Trachypithecus_johnii",1
"Trachypithecus_vetulus",0
"Trachypithecus_geei",0
"Trachypithecus_laotum",0
"Trachypithecus_hatinhensis",0
"Trachypithecus_delacouri",0
"Trachypithecus_francoisi",0
"Trachypithecus_poliocephalus",0
"Trachypithecus_barbei",0
"Trachypithecus_obscurus",0
"Trachypithecus_phayrei",0
"Trachypithecus_germaini",0
"Trachypithecus_auratus",0
"Trachypithecus_pileatus",1
"Trachypithecus_shortridgei",1
"Trachypithecus_cristatus",0
"Semnopithecus_entellus",1
"Semnopithecus_hector",1
"Semnopithecus_priam",1
"Semnopithecus_hypoleucos",0
"Rhinopithecus_roxellana",1
"Rhinopithecus_brelichi",1
"Rhinopithecus_avunculus",0
"Rhinopithecus_strykeri",1
"Rhinopithecus_bieti",0
"Pygathrix_nemaeus",0
"Pygathrix_cinerea",0
"Pygathrix_nigripes",0
"Simias_concolor",0
"Nasalis_larvatus",0
"Cercocebus_torquatus",0
"Cercocebus_atys",0
"Cercocebus_lunulatus",0
"Cercocebus_agilis",0
"Cercocebus_chrysogaster",0
"Cercocebus_galeritus",0
"Mandrillus_sphinx",0
"Mandrillus_leucophaeus",0
"Theropithecus_gelada",1
"Rungwecebus_kipunji",0
"Papio_papio",0
"Papio_hamadryas",0
"Papio_anubis",0
"Papio_cynocephalus",0
"Papio_kindae",0
"Papio_ursinus",0
"Lophocebus_albigena",0
"Lophocebus_aterrimus",0
"Macaca_siberu",0
"Macaca_pagensis",0
"Macaca_leonina",0
"Macaca_nemestrina",0
"Macaca_silenus",0
"Macaca_tonkeana",0
"Macaca_nigra",0
"Macaca_nigrescens",0
"Macaca_hecki",0
"Macaca_ochreata",0
"Macaca_maura",0
"Macaca_munzala",1
"Macaca_radiata",0
"Macaca_sinica",0
"Macaca_thibetana",0
"Macaca_assamensis",0
"Macaca_fuscata",0
"Macaca_arctoides",0
"Macaca_mulatta",0
"Macaca_cyclopis",0
"Macaca_fascicularis",0
"Macaca_sylvanus",0
"Allochrocebus_solatus",0
"Cercopithecus_dryas",0
"Allochrocebus_lhoesti",0
"Allochrocebus_preussi",0
"Cercopithecus_hamlyni",0
"Cercopithecus_erythrotis",0
"Cercopithecus_petaurista",0
"Cercopithecus_erythrogaster",0
"Cercopithecus_ascanius",0
"Cercopithecus_cephus",0
"Cercopithecus_mitis",0
"Cercopithecus_diana",0
"Cercopithecus_roloway",0
"Cercopithecus_mona",0
"Cercopithecus_denti",0
"Cercopithecus_campbelli",0
"Cercopithecus_lowei",0
"Cercopithecus_nictitans",0
"Cercopithecus_neglectus",0
"Chlorocebus_cynosuros",0
"Chlorocebus_aethiops",0
"Chlorocebus_tantalus",0
"Chlorocebus_pygerythrus",0
"Chlorocebus_sabaeus",0
"Erythrocebus_patas",0
"Allenopithecus_nigroviridis",0
"Miopithecus_ogouensis",0
"Miopithecus_talapoin",0
"Tarsius_sangirensis",0
"Tarsius_syrichta",0
"Tarsius_bancanus",0
"Tarsius_tarsier",0
"Tarsius_tumpara",0
"Tarsius_dentatus",0
"Tarsius_lariang",0
"Tarsius_wallacei",0
"Cynocephalus_volans",0
"Galeopterus_variegatus",0
"Atlantoxerus_getulus",0
"Xerus_erythropus",0
"Xerus_princeps",0
"Xerus_inauris",0
"Xerus_rutilus",0
"Spermophilopsis_leptodactylus",0
"Heliosciurus_undulatus",0
"Heliosciurus_ruwenzorii",0
"Myosciurus_pumilio",0
"Funisciurus_carruthersi",0
"Funisciurus_anerythrus",0
"Paraxerus_ochraceus",0
"Paraxerus_cepapi",0
"Paraxerus_vexillarius",0
"Epixerus_ebii",0
"Protoxerus_stangeri",0
"Protoxerus_aubinnii",0
"Eutamias_sibiricus",0
"Neotamias_ruficaudus",0
"Neotamias_durangae",0
"Neotamias_bulleri",0
"Neotamias_cinereicollis",0
"Neotamias_umbrinus",0
"Neotamias_palmeri",0
"Neotamias_dorsalis",0
"Neotamias_quadrivittatus",0
"Neotamias_rufus",0
"Neotamias_canipes",0
"Neotamias_amoenus",0
"Tamias_striatus",0
"Neotamias_townsendii",0
"Neotamias_senex",0
"Neotamias_sonomae",0
"Neotamias_ochrogenys",0
"Neotamias_siskiyou",0
"Neotamias_merriami",0
"Neotamias_obscurus",0
"Neotamias_panamintinus",0
"Neotamias_alpinus",0
"Neotamias_quadrimaculatus",0
"Neotamias_speciosus",0
"Neotamias_minimus",0
"Ammospermophilus_leucurus",0
"Ammospermophilus_harrisii",0
"Ammospermophilus_interpres",0
"Marmota_flaviventris",0
"Marmota_olympus",0
"Marmota_caligata",0
"Marmota_vancouverensis",0
"Marmota_marmota",0
"Marmota_menzbieri",0
"Marmota_caudata",0
"Marmota_broweri",0
"Marmota_baibacina",0
"Marmota_bobak",0
"Marmota_camtschatica",0
"Marmota_sibirica",0
"Marmota_himalayana",0
"Marmota_monax",0
"Callospermophilus_madrensis",0
"Callospermophilus_saturatus",0
"Callospermophilus_lateralis",0
"Otospermophilus_variegatus",0
"Otospermophilus_beecheyi",0
"Cynomys_parvidens",0
"Cynomys_gunnisoni",0
"Cynomys_leucurus",0
"Cynomys_mexicanus",0
"Cynomys_ludovicianus",0
"Poliocitellus_franklinii",0
"Xerospermophilus_perotensis",0
"Xerospermophilus_spilosoma",0
"Xerospermophilus_mohavensis",0
"Xerospermophilus_tereticaudus",0
"Ictidomys_tridecemlineatus",0
"Ictidomys_mexicanus",0
"Urocitellus_undulatus",0
"Urocitellus_elegans",0
"Urocitellus_richardsonii",0
"Urocitellus_parryii",0
"Urocitellus_columbianus",0
"Urocitellus_beldingi",0
"Urocitellus_townsendii",0
"Urocitellus_brunneus",0
"Urocitellus_canus",0
"Urocitellus_mollis",0
"Urocitellus_washingtoni",0
"Urocitellus_armatus",0
"Spermophilus_major",0
"Spermophilus_pygmaeus",0
"Spermophilus_musicus",0
"Spermophilus_dauricus",0
"Spermophilus_ralli",0
"Spermophilus_pallidicauda",0
"Spermophilus_alashanicus",0
"Spermophilus_relictus",0
"Spermophilus_fulvus",0
"Spermophilus_brevicauda",0
"Spermophilus_erythrogenys",0
"Spermophilus_suslicus",0
"Spermophilus_citellus",0
"Spermophilus_taurensis",0
"Spermophilus_xanthoprymnus",0
"Notocitellus_annulatus",0
"Notocitellus_adocetus",0
"Sciurotamias_davidianus",0
"Sciurotamias_forresti",0
"Glaucomys_volans",0
"Glaucomys_sabrinus",0
"Eoglaucomys_fimbriatus",0
"Iomys_horsfieldii",0
"Iomys_sipora",0
"Petinomys_setosus",0
"Petinomys_fuscocapillus",0
"Petinomys_crinitus",0
"Petinomys_mindanensis",0
"Hylopetes_phayrei",0
"Hylopetes_alboniger",0
"Hylopetes_nigripes",0
"Hylopetes_spadiceus",0
"Hylopetes_lepidus",0
"Hylopetes_platyurus",0
"Hylopetes_bartelsi",0
"Hylopetes_sipora",0
"Petaurillus_kinlochii",0
"Petaurillus_emiliae",0
"Pteromys_volans",0
"Pteromys_momonga",0
"Eupetaurus_cinereus",0
"Aeromys_tephromelas",0
"Aeromys_thomasi",0
"Trogopterus_xanthipes",0
"Aeretes_melanopterus",0
"Belomys_pearsonii",0
"Biswamoyopterus_biswasi",0
"Pteromyscus_pulverulentus",0
"Petaurista_leucogenys",0
"Petaurista_elegans",0
"Petaurista_philippensis",0
"Petaurista_petaurista",0
"Petaurista_alborufus",0
"Petaurista_nobilis",0
"Petaurista_magnificus",0
"Petaurista_xanthotis",0
"Tamiasciurus_douglasii",0
"Tamiasciurus_mearnsi",0
"Tamiasciurus_hudsonicus",0
"Syntheosciurus_brochus",0
"Sciurus_aberti",0
"Sciurus_stramineus",0
"Sciurus_ignitus",0
"Microsciurus_flaviventer",0
"Microsciurus_mimulus",0
"Microsciurus_santanderensis",0
"Microsciurus_alfari",0
"Sciurus_carolinensis",0
"Sciurus_niger",0
"Sciurus_granatensis",0
"Sciurus_flammifer",0
"Sciurus_variegatoides",0
"Sciurus_anomalus",0
"Rheithrosciurus_macrotis",0
"Sciurus_igniventris",0
"Sciurus_spadiceus",0
"Sciurus_arizonensis",0
"Sciurus_oculatus",0
"Sciurus_griseus",0
"Sciurus_alleni",0
"Sciurus_richmondi",0
"Sciurus_colliaei",0
"Sciurus_sanborni",0
"Sciurus_lis",0
"Sciurus_aureogaster",0
"Sciurus_pyrrhinus",0
"Sciurus_aestuans",0
"Sciurus_vulgaris",0
"Sciurillus_pusillus",0
"Ratufa_affinis",0
"Ratufa_bicolor",0
"Ratufa_indica",0
"Ratufa_macroura",0
"Glyphotes_simus",0
"Hyosciurus_heinrichi",0
"Hyosciurus_ileile",0
"Rubrisciurus_rubriventer",0
"Prosciurillus_murinus",0
"Prosciurillus_leucomus",0
"Prosciurillus_rosenbergii",0
"Sundasciurus_brookei",0
"Sundasciurus_fraterculus",0
"Sundasciurus_davensis",0
"Sundasciurus_philippinensis",0
"Lariscus_insignis",0
"Lariscus_hosei",0
"Callosciurus_caniceps",0
"Callosciurus_erythraeus",0
"Callosciurus_finlaysonii",0
"Callosciurus_orestes",0
"Callosciurus_adamsi",0
"Callosciurus_notatus",0
"Callosciurus_inornatus",0
"Callosciurus_baluensis",0
"Callosciurus_phayrei",0
"Callosciurus_melanogaster",0
"Callosciurus_prevostii",0
"Menetes_berdmorei",0
"Nannosciurus_melanotis",0
"Dremomys_pernyi",0
"Dremomys_pyrrhomerus",0
"Dremomys_rufigenis",0
"Dremomys_gularis",0
"Dremomys_lokriah",0
"Tamiops_rodolphii",0
"Tamiops_maritimus",0
"Tamiops_swinhoei",0
"Tamiops_macclellandii",0
"Rhinosciurus_laticaudatus",0
"Exilisciurus_exilis",0
"Exilisciurus_concinnus",0
"Funambulus_palmarum",0
"Funambulus_layardi",0
"Funambulus_pennantii",0
"Funambulus_tristriatus",0
"Aplodontia_rufa",0
"Dryomys_nitedula",0
"Dryomys_laniger",0
"Chaetocauda_sichuanensis",0
"Eliomys_melanurus",0
"Eliomys_munbyanus",0
"Eliomys_quercinus",0
"Myomimus_roachi",0
"Myomimus_personatus",0
"Selevinia_betpakdalaensis",0
"Muscardinus_avellanarius",0
"Graphiurus_angolensis",0
"Graphiurus_platyops",0
"Graphiurus_microtis",0
"Graphiurus_ocularis",0
"Graphiurus_lorraineus",0
"Graphiurus_johnstoni",0
"Graphiurus_kelleni",0
"Graphiurus_murinus",0
"Graphiurus_crassicaudatus",0
"Graphiurus_nagtglasii",0
"Glis_glis",0
"Glirulus_japonicus",0
"Carterodon_sulcidens",0
"Thrichomys_laurentius",0
"Thrichomys_apereoides",0
"Thrichomys_pachyurus",0
"Thrichomys_inermis",0
"Hoplomys_gymnurus",0
"Proechimys_longicaudatus",0
"Proechimys_simonsi",0
"Proechimys_quadruplicatus",0
"Proechimys_cuvieri",0
"Callistomys_pictus",0
"Myocastor_coypus",0
"Dactylomys_dactylinus",0
"Dactylomys_boliviensis",0
"Dactylomys_peruanus",0
"Kannabateomys_amblyonyx",0
"Olallamys_albicauda",0
"Olallamys_edax",0
"Diplomys_labilis",0
"Diplomys_caniceps",0
"Santamartamys_rufodorsalis",0
"Toromys_rhipidurus",0
"Toromys_grandis",0
"Pattonomys_occasius",0
"Phyllomys_blainvillii",0
"Phyllomys_brasiliensis",0
"Phyllomys_lamarum",0
"Phyllomys_sulinus",0
"Phyllomys_dasythrix",0
"Phyllomys_lundi",0
"Phyllomys_nigrispinus",0
"Phyllomys_pattoni",0
"Phyllomys_unicolor",0
"Phyllomys_mantiqueirensis",0
"Echimys_chrysurus",0
"Echimys_saturnus",0
"Makalata_macrura",0
"Makalata_didelphoides",0
"Makalata_obscura",0
"Isothrix_barbarabrownae",0
"Isothrix_bistriata",0
"Isothrix_negrensis",0
"Isothrix_orinoci",0
"Isothrix_pagurus",0
"Isothrix_sinnamariensis",0
"Mesomys_hispidus",0
"Mesomys_occultus",0
"Mesomys_stimulax",0
"Lonchothrix_emiliae",0
"Trinomys_albispinus",0
"Trinomys_dimidiatus",0
"Trinomys_iheringi",0
"Trinomys_moojeni",0
"Trinomys_gratiosus",0
"Trinomys_paratus",0
"Trinomys_eliasi",0
"Trinomys_setosus",0
"Trinomys_yonenagae",0
"Clyomys_laticeps",0
"Euryzygomatomys_spinosus",0
"Mesocapromys_angelcabrerai",0
"Mesocapromys_auritus",0
"Mysateles_melanurus",0
"Mysateles_prehensilis",0
"Capromys_pilorides",0
"Capromys_garridoi",0
"Geocapromys_ingrahami",0
"Geocapromys_brownii",0
"Plagiodontia_aedium",0
"Plagiodontia_ipnaeum",0
"Plagiodontia_spelaeum",0
"Rhizoplagiodontia_lemkei",0
"Octomys_mimax",0
"Tympanoctomys_aureus",0
"Tympanoctomys_barrerae",0
"Octodon_lunatus",0
"Octodon_bridgesi",0
"Octodon_degus",0
"Spalacopus_cyanus",0
"Aconaemys_sagei",0
"Aconaemys_fuscus",0
"Aconaemys_porteri",0
"Octodontomys_gliroides",0
"Ctenomys_pundti",0
"Ctenomys_pearsoni",0
"Ctenomys_perrensi",0
"Ctenomys_dorbignyi",0
"Ctenomys_roigi",0
"Ctenomys_minutus",0
"Ctenomys_lami",0
"Ctenomys_torquatus",0
"Ctenomys_bonettoi",0
"Ctenomys_yolandae",0
"Ctenomys_bergi",0
"Ctenomys_rionegrensis",0
"Ctenomys_flamarioni",0
"Ctenomys_azarae",0
"Ctenomys_australis",0
"Ctenomys_porteousi",0
"Ctenomys_mendocinus",0
"Ctenomys_tuconax",0
"Ctenomys_sociabilis",0
"Ctenomys_lewisi",0
"Ctenomys_frater",0
"Ctenomys_budini",0
"Ctenomys_conoveri",0
"Ctenomys_leucodon",0
"Ctenomys_opimus",0
"Ctenomys_fulvus",0
"Ctenomys_coludo",0
"Ctenomys_scagliai",0
"Ctenomys_saltarius",0
"Ctenomys_maulinus",0
"Ctenomys_steinbachi",0
"Ctenomys_goodfellowi",0
"Ctenomys_boliviensis",0
"Ctenomys_fodax",0
"Ctenomys_coyhaiquensis",0
"Ctenomys_sericeus",0
"Ctenomys_haigi",0
"Ctenomys_magellanicus",0
"Ctenomys_tucumanus",0
"Ctenomys_juris",0
"Ctenomys_occultus",0
"Ctenomys_argentinus",0
"Ctenomys_latro",0
"Ctenomys_pilarensis",0
"Ctenomys_talarum",0
"Abrocoma_bennettii",0
"Abrocoma_budini",0
"Abrocoma_cinerea",0
"Cuscomys_ashaninka",0
"Cuscomys_oblativa",0
"Lagidium_viscacia",0
"Lagidium_wolffsohni",0
"Chinchilla_lanigera",0
"Chinchilla_chinchilla",0
"Lagostomus_crassus",0
"Lagostomus_maximus",0
"Dinomys_branickii",1
"Microcavia_australis",0
"Microcavia_niata",0
"Cavia_patzelti",0
"Cavia_aperea",0
"Cavia_tschudii",0
"Cavia_fulgida",0
"Cavia_magna",0
"Galea_spixii",0
"Galea_musteloides",0
"Hydrochoerus_hydrochaeris",1
"Hydrochoerus_isthmius",1
"Neochoerus_aesopi",1
"Kerodon_acrobata",0
"Kerodon_rupestris",0
"Dolichotis_salinicola",0
"Dolichotis_patagonum",0
"Myoprocta_acouchy",0
"Myoprocta_pratti",0
"Dasyprocta_punctata",0
"Dasyprocta_azarae",0
"Cuniculus_paca",0
"Cuniculus_taczanowskii",0
"Coendou_quichua",0
"Coendou_rufescens",0
"Coendou_mexicanus",0
"Coendou_baturitensis",0
"Coendou_prehensilis",0
"Coendou_bicolor",0
"Coendou_nycthemera",0
"Coendou_spinosus",0
"Coendou_insidiosus",0
"Coendou_melanurus",0
"Coendou_pruinosus",0
"Coendou_vestitus",0
"Coendou_ichillus",0
"Erethizon_dorsatum",0
"Chaetomys_subspinosus",0
"Petromus_typicus",0
"Thryonomys_swinderianus",0
"Thryonomys_gregorianus",0
"Heliophobius_argenteocinereus",0
"Fukomys_ochraceocinereus",0
"Fukomys_foxi",0
"Fukomys_mechowi",0
"Fukomys_darlingi",0
"Fukomys_damarensis",0
"Fukomys_anselli",0
"Fukomys_kafuensis",0
"Fukomys_bocagei",0
"Cryptomys_hottentotus",0
"Georychus_capensis",0
"Bathyergus_suillus",0
"Bathyergus_janetta",0
"Heterocephalus_glaber",0
"Atherurus_macrourus",0
"Atherurus_africanus",0
"Hystrix_brachyura",0
"Hystrix_javanica",1
"Hystrix_indica",1
"Hystrix_africaeaustralis",1
"Hystrix_cristata",1
"Trichys_fasciculata",0
"Massoutiera_mzabi",0
"Ctenodactylus_vali",0
"Ctenodactylus_gundi",0
"Felovia_vae",0
"Laonastes_aenigmamus",0
"Brachiones_przewalskii",0
"Rhombomys_opimus",0
"Meriones_unguiculatus",0
"Meriones_shawi",0
"Meriones_grandis",0
"Meriones_persicus",0
"Meriones_rex",0
"Psammomys_obesus",0
"Psammomys_vexillaris",0
"Taterillus_arenarius",0
"Taterillus_congicus",0
"Sekeetamys_calurus",0
"Gerbillus_nigeriae",0
"Gerbillus_gerbillus",0
"Microdillus_peeli",0
"Pachyuromys_duprasi",0
"Desmodilliscus_braueri",0
"Gerbilliscus_robustus",0
"Gerbilliscus_nigricaudus",0
"Gerbilliscus_kempi",0
"Gerbilliscus_gambiana",0
"Gerbilliscus_guineae",0
"Gerbilliscus_validus",0
"Gerbilliscus_leucogaster",0
"Gerbilliscus_afra",0
"Gerbilliscus_boehmi",0
"Gerbillurus_paeba",0
"Gerbillurus_tytonis",0
"Desmodillus_auricularis",0
"Tatera_indica",0
"Gerbillurus_setzeri",0
"Gerbillurus_vallinus",0
"Deomys_ferrugineus",0
"Lophuromys_sikapusi",0
"Lophuromys_eisentrauti",0
"Lophuromys_flavopunctatus",0
"Lophuromys_brevicaudus",0
"Acomys_cineraceus",0
"Acomys_cahirinus",0
"Acomys_minous",0
"Acomys_cilicicus",0
"Acomys_nesiotes",0
"Acomys_percivali",0
"Acomys_wilsoni",0
"Acomys_russatus",0
"Acomys_spinosissimus",0
"Acomys_subspinosus",0
"Acomys_louisae",0
"Uranomys_ruddi",0
"Batomys_granti",0
"Crateromys_heaneyi",0
"Crateromys_australis",0
"Batomys_salomonseni",0
"Carpomys_phaeurus",0
"Carpomys_melanurus",0
"Phloeomys_cumingi",0
"Phloeomys_pallidus",0
"Maxomys_surifer",0
"Maxomys_bartelsii",0
"Maxomys_whiteheadi",0
"Crunomys_suncoides",0
"Crunomys_melanius",0
"Sommeromys_macrorhinos",0
"Echiothrix_centrosa",0
"Echiothrix_leucura",0
"Paucidentomys_vermidax",0
"Melasmothrix_naso",0
"Tateomys_macrocercus",0
"Tateomys_rhinogradoides",0
"Pithecheir_melanurus",0
"Pithecheir_parvus",0
"Pithecheirops_otion",0
"Chiromyscus_chiropus",0
"Niviventer_cremoriventer",0
"Niviventer_cameroni",0
"Niviventer_rapit",0
"Niviventer_langbianis",0
"Niviventer_andersoni",0
"Niviventer_excelsior",0
"Niviventer_confucianus",0
"Niviventer_niviventer",0
"Niviventer_fulvescens",0
"Niviventer_brahma",0
"Niviventer_eha",0
"Niviventer_tenaster",0
"Niviventer_coninga",0
"Niviventer_culturatus",0
"Leopoldamys_neilli",0
"Leopoldamys_edwardsi",0
"Leopoldamys_ciliatus",0
"Leopoldamys_sabanus",0
"Dacnomys_millardi",0
"Bandicota_bengalensis",0
"Bandicota_savilei",0
"Bandicota_indica",0
"Nesokia_indica",0
"Nesokia_bunnii",0
"Tarsomys_apoensis",0
"Tarsomys_echinatus",0
"Limnomys_sibuanus",0
"Limnomys_bryophilus",0
"Rattus_everetti",0
"Rattus_exulans",0
"Rattus_losea",0
"Rattus_adustus",0
"Rattus_tiomanicus",0
"Rattus_baluensis",0
"Rattus_rattus",0
"Rattus_tanezumi",0
"Rattus_andamanensis",0
"Rattus_hoffmanni",0
"Rattus_argentiventer",0
"Rattus_nitidus",0
"Rattus_norvegicus",0
"Rattus_satarae",0
"Rattus_fuscipes",0
"Rattus_niobe",0
"Rattus_arfakienis",0
"Rattus_giluwensis",0
"Rattus_praetor",0
"Rattus_nikenii",0
"Rattus_verecundus",0
"Rattus_novaeguineae",0
"Rattus_steini",0
"Rattus_leucopus",0
"Rattus_lutreolus",0
"Rattus_tunneyi",0
"Rattus_villosissimus",0
"Rattus_colletti",0
"Rattus_sordidus",0
"Diplothrix_legata",0
"Bunomys_chrysocomus",0
"Bunomys_andrewsi",0
"Paruromys_dominator",0
"Sundamys_muelleri",0
"Sundamys_infraluteus",0
"Bullimus_luzonicus",0
"Bullimus_gamay",0
"Bullimus_bagobus",0
"Berylmys_bowersi",0
"Berylmys_berdmorei",0
"Pseudoberylmys_muongbangensis",0
"Srilankamys_ohiensis",0
"Micromys_minutus",0
"Apomys_abrae",0
"Apomys_datae",0
"Apomys_hylocetes",0
"Apomys_insignis",0
"Apomys_camiguinensis",0
"Apomys_microdon",0
"Apomys_musculus",0
"Chrotomys_silaceus",0
"Chrotomys_sibuyanensis",0
"Chrotomys_whiteheadi",0
"Chrotomys_gonzalesi",0
"Rhynchomys_isarogensis",0
"Rhynchomys_banahao",0
"Soricomys_kalinga",0
"Archboldomys_luzonensis",0
"Chiruromys_vates",0
"Chiruromys_forbesi",0
"Anisomys_imitator",0
"Pogonomys_macrourus",0
"Pogonomys_sylvestris",0
"Pogonomys_loriae",0
"Pogonomys_fergussoniensis",0
"Hyomys_goliath",0
"Hyomys_dammermani",0
"Macruromys_major",0
"Macruromys_elegans",0
"Lorentzimys_nouhuysi",0
"Melomys_rufescens",0
"Melomys_cervinipes",0
"Solomys_ponceleti",0
"Solomys_salebrosus",0
"Paramelomys_levipes",0
"Paramelomys_lorentzii",0
"Paramelomys_naso",0
"Conilurus_albipes",0
"Conilurus_penicillatus",0
"Mesembriomys_gouldii",0
"Mesembriomys_macrurus",0
"Leporillus_conditor",0
"Leporillus_apicalis",0
"Zyzomys_pedunculatus",0
"Zyzomys_maini",0
"Zyzomys_woodwardi",0
"Zyzomys_argurus",0
"Notomys_mitchellii",0
"Notomys_aquilo",0
"Notomys_fuscus",0
"Notomys_alexis",0
"Notomys_cervinus",0
"Pseudomys_higginsi",0
"Pseudomys_australis",0
"Pseudomys_occidentalis",0
"Pseudomys_patrius",0
"Pseudomys_johnsoni",0
"Pseudomys_fumeus",0
"Pseudomys_chapmani",0
"Pseudomys_albocinereus",0
"Pseudomys_apodemoides",0
"Pseudomys_calabyi",0
"Pseudomys_oralis",0
"Pseudomys_desertor",0
"Pseudomys_delicatulus",0
"Pseudomys_pilligaensis",0
"Pseudomys_gracilicaudatus",0
"Pseudomys_nanus",0
"Pseudomys_novaehollandiae",0
"Pseudomys_bolami",0
"Pseudomys_shortridgei",0
"Pseudomys_hermannsburgensis",0
"Pseudomys_fieldi",0
"Mastacomys_fuscus",0
"Leggadina_forresti",0
"Leggadina_lakedownensis",0
"Uromys_caudimaculatus",0
"Uromys_siebersi",0
"Uromys_anak",0
"Pseudohydromys_murinus",0
"Pseudohydromys_occidentalis",0
"Pseudohydromys_ellermani",0
"Pseudohydromys_fuscus",0
"Xeromys_myoides",0
"Leptomys_elegans",0
"Leptomys_ernstmayri",0
"Hydromys_chrysogaster",0
"Hydromys_hussoni",0
"Baiyankamys_habbema",0
"Baiyankamys_shawmayeri",0
"Parahydromys_asper",0
"Mammelomys_lanosus",0
"Mammelomys_rattoides",0
"Mallomys_rothschildi",0
"Mallomys_aroaensis",0
"Microhydromys_richardsoni",0
"Microhydromys_argenteus",0
"Pogonomelomys_bruijnii",0
"Pogonomelomys_brassi",0
"Pogonomelomys_mayeri",0
"Chiropodomys_gliroides",0
"Chiropodomys_calamianensis",0
"Hapalomys_delacouri",0
"Hapalomys_longicaudatus",0
"Haeromys_minahassae",0
"Haeromys_margarettae",0
"Mus_crociduroides",0
"Mus_pahari",0
"Mus_mattheyi",0
"Mus_haussa",0
"Mus_musculoides",0
"Mus_minutoides",0
"Mus_tenellus",0
"Mus_indutus",0
"Mus_setulosus",0
"Mus_bufo",0
"Mus_baoulei",0
"Mus_sorella",0
"Mus_terricolor",0
"Mus_famulus",0
"Mus_fragilicauda",0
"Mus_booduga",0
"Mus_musculus",0
"Mus_spicilegus",0
"Mus_macedonicus",0
"Mus_cypriacus",0
"Mus_spretus",0
"Mus_cookii",0
"Mus_cervicolor",0
"Mus_caroli",0
"Mus_saxicola",0
"Mus_platythrix",0
"Muriculus_imberbis",0
"Malacomys_edwardsi",0
"Malacomys_longipes",0
"Tokudaia_muenninki",0
"Tokudaia_tokunoshimensis",0
"Tokudaia_osimensis",0
"Apodemus_chevrieri",0
"Apodemus_agrarius",0
"Apodemus_semotus",0
"Apodemus_draco",0
"Apodemus_latronum",0
"Apodemus_peninsulae",0
"Apodemus_speciosus",0
"Apodemus_argenteus",0
"Apodemus_gurkha",0
"Apodemus_mystacinus",0
"Apodemus_epimelas",0
"Apodemus_alpicola",0
"Apodemus_flavicollis",0
"Apodemus_ponticus",0
"Apodemus_sylvaticus",0
"Apodemus_witherbyi",0
"Apodemus_uralensis",0
"Apodemus_pallipes",0
"Stenocephalemys_albocaudata",0
"Stenocephalemys_albipes",0
"Stenocephalemys_griseicauda",0
"Praomys_delectorum",0
"Mastomys_pernanus",0
"Heimyscus_fumosus",0
"Hylomyscus_alleni",0
"Hylomyscus_parvus",0
"Hylomyscus_stella",0
"Hylomyscus_baeri",0
"Hylomyscus_aeta",0
"Hylomyscus_grandis",0
"Hylomyscus_denniae",0
"Zelotomys_hildegardeae",0
"Zelotomys_woosnami",0
"Colomys_goslingi",0
"Nilopegamys_plumbeus",0
"Myomyscus_verreauxii",0
"Praomys_lukolelae",0
"Praomys_verschureni",0
"Praomys_misonnei",0
"Praomys_tullbergi",0
"Praomys_rostratus",0
"Praomys_petteri",0
"Praomys_hartwigi",0
"Praomys_obscurus",0
"Praomys_derooi",0
"Praomys_daltoni",0
"Praomys_degraaffi",0
"Praomys_jacksoni",0
"Praomys_minor",0
"Mastomys_erythroleucus",0
"Mastomys_natalensis",0
"Mastomys_awashensis",0
"Mastomys_coucha",0
"Mastomys_huberti",0
"Mastomys_kollmannspergeri",0
"Myomyscus_brockmani",0
"Myomyscus_yemeni",0
"Vandeleuria_nilagirica",0
"Vandeleuria_oleracea",0
"Vandeleuria_nolthenii",0
"Millardia_meltada",0
"Millardia_kathleenae",0
"Cremnomys_cutchicus",0
"Cremnomys_elvira",0
"Madromys_blanfordi",0
"Diomys_crumpi",0
"Stochomys_longicaudatus",0
"Hybomys_univittatus",0
"Hybomys_badius",0
"Dephomys_defua",0
"Desmomys_harringtoni",0
"Desmomys_yaldeni",0
"Arvicanthis_abyssinicus",0
"Arvicanthis_niloticus",0
"Arvicanthis_nairobae",0
"Arvicanthis_neumanni",0
"Lemniscomys_rosalia",0
"Lemniscomys_striatus",0
"Rhabdomys_pumilio",0
"Mylomys_dybowskii",0
"Mylomys_rex",0
"Pelomys_campanae",0
"Pelomys_fallax",0
"Dasymys_incomtus",0
"Dasymys_rufulus",0
"Grammomys_macmillani",0
"Thallomys_paedulcus",0
"Thallomys_loringi",0
"Grammomys_ibeanus",0
"Grammomys_dolichurus",0
"Aethomys_kaiseri",0
"Aethomys_ineptus",0
"Aethomys_chrysophilus",0
"Aethomys_namaquensis",0
"Aethomys_granti",0
"Oenomys_hypoxanthus",0
"Oenomys_ornatus",0
"Golunda_ellioti",0
"Parotomys_littledalei",0
"Otomys_laminatus",0
"Otomys_saundersiae",0
"Otomys_irroratus",0
"Otomys_typus",0
"Otomys_occidentalis",0
"Otomys_burtoni",0
"Otomys_tropicalis",0
"Otomys_angoniensis",0
"Otomys_unisulcatus",0
"Otomys_sloggetti",0
"Otomys_barbouri",0
"Otomys_lacustris",0
"Otomys_anchietae",0
"Otomys_denti",0
"Lophiomys_imhausi",0
"Ototylomys_phyllotis",0
"Tylomys_bullaris",0
"Tylomys_nudicaudus",0
"Nyctomys_sumichrasti",0
"Otonyctomys_hatti",0
"Neusticomys_ferreirai",0
"Neusticomys_monticolus",0
"Andinomys_edax",0
"Abrothrix_longipilis",0
"Abrothrix_jelskii",0
"Abrothrix_lanosus",0
"Abrothrix_olivaceus",0
"Abrothrix_andinus",0
"Geoxus_valdivianus",0
"Pearsonomys_annectens",0
"Chelemys_megalonyx",0
"Chelemys_delfini",0
"Chelemys_macronyx",0
"Notiomys_edwardsii",0
"Wiedomys_pyrrhorhinos",0
"Wiedomys_cerradensis",0
"Graomys_griseoflavus",0
"Graomys_centralis",0
"Graomys_domorum",0
"Eligmodontia_typus",0
"Eligmodontia_moreni",0
"Eligmodontia_puerulus",0
"Eligmodontia_morgani",0
"Andalgalomys_pearsoni",0
"Andalgalomys_olrogi",0
"Salinomys_delicatus",0
"Phyllotis_anitae",0
"Phyllotis_osilae",0
"Phyllotis_andium",0
"Phyllotis_gerbillus",0
"Phyllotis_amicus",0
"Phyllotis_xanthopygus",0
"Phyllotis_bonariensis",0
"Phyllotis_limatus",0
"Phyllotis_darwini",0
"Phyllotis_magister",0
"Phyllotis_osgoodi",0
"Phyllotis_wolffsohni",0
"Tapecomys_primus",0
"Auliscomys_sublimis",0
"Auliscomys_pictus",0
"Auliscomys_boliviensis",0
"Loxodontomys_micropus",0
"Loxodontomys_pikumche",0
"Calomys_musculinus",0
"Calomys_lepidus",0
"Calomys_sorellus",0
"Calomys_venustus",0
"Calomys_fecundus",0
"Calomys_callosus",0
"Calomys_tocantinsi",0
"Calomys_expulsus",0
"Calomys_laucha",0
"Calomys_tener",0
"Calomys_hummelincki",0
"Delomys_dorsalis",0
"Delomys_collinus",0
"Delomys_sublineatus",0
"Scolomys_ucayalensis",0
"Scolomys_melanops",0
"Zygodontomys_brevicauda",0
"Zygodontomys_brunneus",0
"Handleyomys_saturatior",0
"Handleyomys_alfaroi",0
"Handleyomys_intectus",0
"Transandinomys_talamancae",0
"Transandinomys_bolivaris",0
"Euryoryzomys_emmonsae",0
"Euryoryzomys_macconnelli",0
"Euryoryzomys_nitidus",0
"Euryoryzomys_lamia",0
"Euryoryzomys_russatus",0
"Nephelomys_auriventer",0
"Nephelomys_albigularis",0
"Oecomys_paricola",0
"Oecomys_catherinae",0
"Oecomys_rex",0
"Oecomys_auyantepui",0
"Oecomys_bicolor",0
"Oecomys_superans",0
"Oecomys_roberti",0
"Oecomys_concolor",0
"Oecomys_mamorae",0
"Oecomys_trinitatis",0
"Oecomys_rutilus",0
"Hylaeamys_yunganus",0
"Hylaeamys_laticeps",0
"Hylaeamys_acritus",0
"Hylaeamys_megacephalus",0
"Hylaeamys_perenensis",0
"Microakodontomys_transitorius",0
"Oligoryzomys_fornesi",0
"Oligoryzomys_longicaudatus",0
"Oligoryzomys_magellanicus",0
"Oligoryzomys_flavescens",0
"Oligoryzomys_andinus",0
"Oligoryzomys_nigripes",0
"Oligoryzomys_stramineus",0
"Oligoryzomys_chacoensis",0
"Oligoryzomys_eliurus",0
"Oligoryzomys_destructor",0
"Oligoryzomys_rupestris",0
"Oligoryzomys_fulvescens",0
"Oligoryzomys_moojeni",0
"Oligoryzomys_vegetus",0
"Oligoryzomys_microtis",0
"Oreoryzomys_balneator",0
"Microryzomys_minutus",0
"Microryzomys_altissimus",0
"Neacomys_minutus",0
"Neacomys_spinosus",0
"Neacomys_dubosti",0
"Neacomys_musseri",0
"Neacomys_guianae",0
"Neacomys_paracou",0
"Eremoryzomys_polius",0
"Lundomys_molitor",0
"Pseudoryzomys_simplex",0
"Holochilus_sciureus",0
"Holochilus_chacarius",0
"Holochilus_brasiliensis",0
"Oryzomys_couesi",0
"Oryzomys_palustris",0
"Sigmodontomys_alfari",0
"Sigmodontomys_aphrastus",0
"Melanomys_caliginosus",0
"Melanomys_robustulus",0
"Nesoryzomys_swarthi",0
"Nesoryzomys_narboroughi",0
"Nesoryzomys_fernandinae",0
"Aegialomys_xanthaeolus",0
"Aegialomys_galapagoensis",0
"Nectomys_squamipes",0
"Nectomys_apicalis",0
"Amphinectomys_savamis",0
"Cerradomys_subflavus",0
"Cerradomys_scotti",0
"Sooretamys_angouya",0
"Reithrodon_auritus",0
"Reithrodon_typicus",0
"Irenomys_tarsalis",0
"Euneomys_fossor",0
"Euneomys_chinchilloides",0
"Rhagomys_longilingua",0
"Rhagomys_rufescens",0
"Wilfredomys_oenax",0
"Juliomys_pictipes",0
"Juliomys_rimofrons",0
"Lenoxus_apicalis",0
"Brucepattersonius_soricinus",0
"Brucepattersonius_albinasus",0
"Blarinomys_breviceps",0
"Bibimys_chacoensis",0
"Bibimys_labiosus",0
"Kunsia_tomentosus",0
"Kunsia_fronto",0
"Scapteromys_aquaticus",0
"Scapteromys_tumidus",0
"Thaptomys_nigrita",0
"Akodon_toba",0
"Akodon_dolores",0
"Akodon_molinae",0
"Akodon_dayi",0
"Akodon_iniscatus",0
"Akodon_mimus",0
"Neomicroxus_bogotensis",0
"Akodon_torques",0
"Akodon_orophilus",0
"Akodon_aerosus",0
"Akodon_affinis",0
"Akodon_mollis",0
"Akodon_budini",0
"Akodon_siberiae",0
"Akodon_albiventer",0
"Akodon_simulator",0
"Akodon_varius",0
"Akodon_azarae",0
"Akodon_boliviensis",0
"Akodon_spegazzinii",0
"Akodon_leucolimnaeus",0
"Akodon_sylvanus",0
"Akodon_pervalens",0
"Akodon_lutescens",0
"Akodon_subfuscus",0
"Akodon_fumeus",0
"Akodon_kofordi",0
"Akodon_juninensis",0
"Akodon_cursor",0
"Akodon_montensis",0
"Akodon_paranaensis",0
"Akodon_mystax",0
"Akodon_reigi",0
"Akodon_philipmyersi",0
"Akodon_lindberghi",0
"Akodon_serrensis",0
"Deltamys_kempi",0
"Necromys_amoenus",0
"Necromys_urichi",0
"Necromys_temchuki",0
"Necromys_lasiurus",0
"Necromys_lenguarum",0
"Necromys_obscurus",0
"Necromys_benefactus",0
"Necromys_lactens",0
"Thalpomys_cerradensis",0
"Oxymycterus_nasutus",0
"Oxymycterus_paramensis",0
"Oxymycterus_hiska",0
"Oxymycterus_quaestor",0
"Oxymycterus_hispidus",0
"Oxymycterus_rufus",0
"Oxymycterus_josei",0
"Oxymycterus_dasytrichus",0
"Oxymycterus_amazonicus",0
"Oxymycterus_delator",0
"Juscelinomys_candango",0
"Juscelinomys_huanchacae",0
"Chilomys_instans",0
"Aepeomys_lugens",0
"Thomasomys_baeops",0
"Thomasomys_aureus",0
"Thomasomys_popayanus",0
"Thomasomys_ischyrus",0
"Rhipidomys_mastacalis",0
"Rhipidomys_emiliae",0
"Rhipidomys_macconnelli",0
"Rhipidomys_nitela",0
"Rheomys_raptor",0
"Rheomys_mexicanus",0
"Sigmodon_alstoni",0
"Sigmodon_peruanus",0
"Sigmodon_arizonae",0
"Sigmodon_mascotensis",0
"Sigmodon_hirsutus",0
"Sigmodon_alleni",0
"Sigmodon_planifrons",0
"Sigmodon_hispidus",0
"Sigmodon_toltecus",0
"Sigmodon_ochrognathus",0
"Sigmodon_leucotis",0
"Sigmodon_fulviventer",0
"Mesocricetus_auratus",0
"Mesocricetus_brandti",0
"Mesocricetus_newtoni",0
"Mesocricetus_raddei",0
"Phodopus_campbelli",0
"Phodopus_sungorus",0
"Phodopus_roborovskii",0
"Tscherskia_triton",0
"Cricetus_cricetus",0
"Allocricetulus_eversmanni",0
"Cricetulus_migratorius",0
"Cricetulus_barabensis",0
"Cricetulus_longicaudatus",0
"Ondatra_zibethicus",0
"Neofiber_alleni",0
"Alticola_argentatus",0
"Alticola_tuvinicus",0
"Alticola_olchonensis",0
"Myodes_rex",0
"Myodes_rufocanus",0
"Myodes_regulus",0
"Myodes_shanseius",0
"Myodes_smithii",0
"Myodes_andersoni",0
"Myodes_centralis",0
"Myodes_glareolus",0
"Myodes_californicus",0
"Myodes_rutilus",0
"Myodes_gapperi",0
"Eothenomys_miletus",0
"Eothenomys_cachinus",0
"Eothenomys_melanogaster",0
"Eothenomys_custos",0
"Eothenomys_olitor",0
"Eothenomys_proditor",0
"Eothenomys_chinensis",0
"Eothenomys_wardi",0
"Hyperacrius_fertilis",0
"Hyperacrius_wynnei",0
"Eolagurus_luteus",0
"Eolagurus_przewalskii",0
"Lagurus_lagurus",0
"Lasiopodomys_mandarinus",0
"Lasiopodomys_brandtii",0
"Microtus_gregalis",0
"Proedromys_bedfordi",0
"Proedromys_liangshanensis",0
"Volemys_millicens",0
"Volemys_musseri",0
"Neodon_sikimensis",0
"Neodon_irene",0
"Neodon_forresti",0
"Phaiomys_leucurus",0
"Microtus_agrestis",0
"Microtus_richardsoni",0
"Microtus_umbrosus",0
"Microtus_montanus",0
"Microtus_pennsylvanicus",0
"Microtus_canicaudus",0
"Microtus_townsendii",0
"Microtus_xanthognathus",0
"Microtus_longicaudus",0
"Microtus_oregoni",0
"Microtus_chrotorrhinus",0
"Microtus_pinetorum",0
"Microtus_quasiater",0
"Microtus_guatemalensis",0
"Microtus_oaxacensis",0
"Microtus_californicus",0
"Microtus_mexicanus",0
"Blanfordimys_bucharensis",0
"Blanfordimys_afghanus",0
"Microtus_ochrogaster",0
"Microtus_miurus",0
"Microtus_abbreviatus",0
"Microtus_cabrerae",0
"Microtus_lusitanicus",0
"Microtus_duodecimcostatus",0
"Microtus_gerbei",0
"Microtus_savii",0
"Microtus_brachycercus",0
"Microtus_tatricus",0
"Microtus_felteni",0
"Microtus_thomasi",0
"Microtus_bavaricus",0
"Microtus_liechtensteini",0
"Microtus_multiplex",0
"Microtus_majori",0
"Microtus_daghestanicus",0
"Microtus_subterraneus",0
"Microtus_schelkovnikovi",0
"Microtus_socialis",0
"Microtus_schidlovskii",0
"Microtus_anatolicus",0
"Microtus_irani",0
"Microtus_dogramacii",0
"Microtus_guentheri",0
"Microtus_transcaspicus",0
"Microtus_kermanensis",0
"Microtus_levis",0
"Microtus_arvalis",0
"Microtus_kikuchii",0
"Microtus_montebelli",0
"Microtus_oeconomus",0
"Microtus_fortis",0
"Microtus_limnophilus",0
"Microtus_sachalinensis",0
"Microtus_mongolicus",0
"Microtus_middendorffii",0
"Microtus_evoronensis",0
"Microtus_maximowiczii",0
"Microtus_clarkei",0
"Chionomys_roberti",0
"Chionomys_nivalis",0
"Chionomys_gud",0
"Dinaromys_bogdanovi",0
"Arvicola_amphibius",0
"Arvicola_scherman",0
"Arvicola_sapidus",0
"Ellobius_tancrei",0
"Ellobius_alaicus",0
"Synaptomys_borealis",0
"Synaptomys_cooperi",0
"Myopus_schisticolor",0
"Lemmus_lemmus",0
"Lemmus_amurensis",0
"Lemmus_sibiricus",0
"Lemmus_trimucronatus",0
"Phenacomys_intermedius",0
"Phenacomys_ungava",0
"Arborimus_pomo",0
"Arborimus_albipes",0
"Arborimus_longicaudus",0
"Dicrostonyx_torquatus",0
"Dicrostonyx_groenlandicus",0
"Prometheomys_schaposchnikowi",0
"Ochrotomys_nuttalli",0
"Baiomys_taylori",0
"Baiomys_musculus",0
"Scotinomys_teguina",0
"Scotinomys_xerampelinus",0
"Reithrodontomys_megalotis",0
"Reithrodontomys_zacatecae",0
"Reithrodontomys_humulis",0
"Reithrodontomys_chrysopsis",0
"Reithrodontomys_raviventris",0
"Reithrodontomys_montanus",0
"Reithrodontomys_hirsutus",0
"Reithrodontomys_sumichrasti",0
"Reithrodontomys_fulvescens",0
"Reithrodontomys_creper",0
"Reithrodontomys_bakeri",0
"Reithrodontomys_tenuirostris",0
"Reithrodontomys_microdon",0
"Reithrodontomys_spectabilis",0
"Reithrodontomys_gracilis",0
"Reithrodontomys_brevirostris",0
"Reithrodontomys_mexicanus",0
"Reithrodontomys_darienensis",0
"Isthmomys_pirrensis",0
"Isthmomys_flavidus",0
"Onychomys_arenicola",0
"Onychomys_torridus",0
"Onychomys_leucogaster",0
"Neotomodon_alstoni",0
"Podomys_floridanus",0
"Habromys_lophurus",0
"Habromys_lepturus",0
"Habromys_chinanteco",0
"Habromys_ixtlani",0
"Habromys_schmidlyi",0
"Habromys_delicatulus",0
"Habromys_simulatus",0
"Peromyscus_beatae",0
"Peromyscus_schmidlyi",0
"Peromyscus_levipes",0
"Peromyscus_madrensis",0
"Peromyscus_simulus",0
"Peromyscus_boylii",0
"Peromyscus_stephani",0
"Peromyscus_hylocetes",0
"Peromyscus_winkelmanni",0
"Peromyscus_spicilegus",0
"Peromyscus_sagax",0
"Peromyscus_furvus",0
"Peromyscus_polius",0
"Peromyscus_hooperi",0
"Peromyscus_ochraventer",0
"Peromyscus_pectoralis",0
"Peromyscus_difficilis",0
"Peromyscus_nasutus",0
"Peromyscus_attwateri",0
"Peromyscus_truei",0
"Peromyscus_gratus",0
"Peromyscus_perfulvus",0
"Peromyscus_melanophrys",0
"Peromyscus_aztecus",0
"Peromyscus_guatemalensis",0
"Peromyscus_grandis",0
"Peromyscus_zarhynchus",0
"Peromyscus_mexicanus",0
"Peromyscus_gymnotis",0
"Peromyscus_melanocarpus",0
"Peromyscus_stirtoni",0
"Peromyscus_megalops",0
"Peromyscus_mayensis",0
"Megadontomys_cryophilus",0
"Megadontomys_thomasi",0
"Megadontomys_nelsoni",0
"Peromyscus_eremicus",0
"Peromyscus_caniceps",0
"Peromyscus_californicus",0
"Peromyscus_crinitus",0
"Peromyscus_maniculatus",0
"Peromyscus_polionotus",0
"Peromyscus_keeni",0
"Peromyscus_melanotis",0
"Peromyscus_gossypinus",0
"Peromyscus_leucopus",0
"Osgoodomys_banderanus",0
"Neotoma_bryanti",0
"Neotoma_devia",0
"Neotoma_lepida",0
"Neotoma_macrotis",0
"Neotoma_fuscipes",0
"Neotoma_leucodon",0
"Neotoma_angustapalata",0
"Neotoma_micropus",0
"Neotoma_magister",0
"Neotoma_floridana",0
"Neotoma_nelsoni",0
"Neotoma_albigula",0
"Neotoma_goldmani",0
"Neotoma_mexicana",0
"Neotoma_stephensi",0
"Neotoma_cinerea",0
"Hodomys_alleni",0
"Xenomys_nelsoni",0
"Nelsonia_goldmani",0
"Nelsonia_neotomodon",0
"Eliurus_majori",0
"Eliurus_antsingy",0
"Eliurus_ellermani",0
"Eliurus_webbi",0
"Eliurus_tanala",0
"Eliurus_myoxinus",0
"Eliurus_minor",0
"Eliurus_grandidieri",0
"Voalavo_gymnocaudus",0
"Voalavo_antsahabensis",0
"Gymnuromys_roberti",0
"Brachytarsomys_albicauda",0
"Macrotarsomys_bastardi",0
"Macrotarsomys_ingens",0
"Monticolomys_koopmani",0
"Nesomys_rufus",0
"Nesomys_audeberti",0
"Brachyuromys_ramirohitra",0
"Brachyuromys_betsileoensis",0
"Hypogeomys_antimena",0
"Hypogeomys_australis",0
"Cricetomys_gambianus",0
"Cricetomys_emini",0
"Beamys_hindei",0
"Steatomys_bocagei",0
"Steatomys_parvus",0
"Steatomys_caurinus",0
"Dendromus_insignis",0
"Dendromus_mystacalis",0
"Malacothrix_typica",0
"Saccostomus_campestris",0
"Saccostomus_mearnsi",0
"Mystromys_albicaudatus",0
"Petromyscus_collinus",0
"Petromyscus_barbouri",0
"Delanymys_brooksi",0
"Calomyscus_bailwardi",0
"Calomyscus_baluchi",0
"Tachyoryctes_splendens",0
"Tachyoryctes_macrocephalus",0
"Rhizomys_pruinosus",0
"Rhizomys_sinensis",0
"Spalax_graecus",0
"Spalax_microphthalmus",0
"Spalax_zemni",0
"Spalax_ehrenbergi",0
"Spalax_leucodon",0
"Spalax_nehringi",0
"Cannomys_badius",0
"Myospalax_myospalax",0
"Myospalax_aspalax",0
"Eospalax_fontanierii",0
"Eospalax_smithii",0
"Eospalax_rothschildi",0
"Platacanthomys_lasiurus",0
"Typhlomys_cinereus",0
"Sicista_armenica",0
"Sicista_kazbegica",0
"Napaeozapus_insignis",0
"Zapus_hudsonius",0
"Zapus_princeps",0
"Zapus_trinotatus",0
"Eozapus_setchuanus",0
"Allactaga_firouzi",0
"Allactaga_elater",0
"Allactaga_euphratica",0
"Allactaga_williamsi",0
"Dipus_sagitta",0
"Jaculus_jaculus",0
"Jaculus_blanfordi",0
"Jaculus_orientalis",0
"Idiurus_macrotis",0
"Idiurus_zenkeri",0
"Anomalurus_pusillus",0
"Anomalurus_pelii",0
"Pedetes_capensis",0
"Pedetes_surdaster",0
"Cratogeomys_fumosus",0
"Cratogeomys_planiceps",0
"Cratogeomys_goldmani",0
"Cratogeomys_castanops",0
"Cratogeomys_merriami",0
"Cratogeomys_perotensis",0
"Cratogeomys_fulvescens",0
"Orthogeomys_heterodus",0
"Heterogeomys_cherriei",0
"Orthogeomys_underwoodi",0
"Orthogeomys_cavator",0
"Orthogeomys_hispidus",0
"Orthogeomys_lanius",0
"Pappogeomys_bulleri",0
"Orthogeomys_grandis",0
"Orthogeomys_cuniculus",0
"Zygogeomys_trichopus",0
"Geomys_breviceps",0
"Geomys_attwateri",0
"Geomys_bursarius",0
"Geomys_knoxjonesi",0
"Geomys_arenarius",0
"Geomys_texensis",0
"Geomys_tropicalis",0
"Geomys_personatus",0
"Geomys_pinetis",0
"Thomomys_bulbivorus",0
"Thomomys_bottae",0
"Thomomys_umbrinus",0
"Thomomys_townsendii",0
"Thomomys_monticola",0
"Thomomys_mazama",0
"Thomomys_talpoides",0
"Heteromys_irroratus",0
"Heteromys_nelsoni",0
"Heteromys_gaumeri",0
"Heteromys_oresterus",0
"Heteromys_desmarestianus",0
"Heteromys_anomalus",0
"Heteromys_australis",0
"Heteromys_spectabilis",0
"Heteromys_pictus",0
"Heteromys_salvini",0
"Heteromys_adspersus",0
"Perognathus_fasciatus",0
"Perognathus_flavescens",0
"Perognathus_inornatus",0
"Perognathus_longimembris",0
"Perognathus_amplus",0
"Perognathus_merriami",0
"Perognathus_flavus",0
"Perognathus_parvus",0
"Perognathus_alticola",0
"Chaetodipus_formosus",0
"Chaetodipus_spinatus",0
"Chaetodipus_californicus",0
"Chaetodipus_fallax",0
"Chaetodipus_arenarius",0
"Chaetodipus_goldmani",0
"Chaetodipus_artus",0
"Chaetodipus_intermedius",0
"Chaetodipus_nelsoni",0
"Chaetodipus_penicillatus",0
"Chaetodipus_eremicus",0
"Chaetodipus_pernix",0
"Chaetodipus_hispidus",0
"Chaetodipus_rudinoris",0
"Chaetodipus_baileyi",0
"Dipodomys_nelsoni",0
"Dipodomys_spectabilis",0
"Dipodomys_ordii",0
"Dipodomys_compactus",0
"Dipodomys_nitratoides",0
"Dipodomys_merriami",0
"Dipodomys_elator",0
"Dipodomys_phillipsii",0
"Dipodomys_venustus",0
"Dipodomys_simulans",0
"Dipodomys_agilis",0
"Dipodomys_ingens",0
"Dipodomys_gravipes",0
"Dipodomys_microps",0
"Dipodomys_panamintinus",0
"Dipodomys_heermanni",0
"Dipodomys_stephensi",0
"Dipodomys_californicus",0
"Dipodomys_deserti",0
"Microdipodops_megacephalus",0
"Microdipodops_pallidus",0
"Castor_fiber",1
"Castor_canadensis",1
"Castoroides_ohioensis",1
"Prolagus_sardus",0
"Ochotona_erythrotis",0
"Ochotona_ladacensis",0
"Ochotona_roylei",0
"Ochotona_macrotis",0
"Ochotona_koslowi",0
"Ochotona_rutila",0
"Ochotona_iliensis",0
"Ochotona_rufescens",0
"Ochotona_forresti",0
"Ochotona_nubrica",0
"Ochotona_curzoniae",0
"Ochotona_cansus",0
"Ochotona_thibetana",0
"Ochotona_dauurica",0
"Ochotona_thomasi",0
"Ochotona_pusilla",0
"Ochotona_pallasii",0
"Ochotona_opaca",0
"Ochotona_hoffmanni",0
"Ochotona_hyperborea",0
"Ochotona_turuchanensis",0
"Ochotona_alpina",0
"Ochotona_argentata",0
"Ochotona_collaris",0
"Ochotona_princeps",0
"Ochotona_gloveri",0
"Pentalagus_furnessi",0
"Pronolagus_crassicaudatus",0
"Pronolagus_randensis",0
"Pronolagus_rupestris",0
"Pronolagus_saundersiae",0
"Poelagus_marjorita",0
"Nesolagus_timminsi",0
"Nesolagus_netscheri",0
"Romerolagus_diazi",0
"Lepus_coreanus",0
"Lepus_othus",0
"Lepus_arcticus",0
"Lepus_castroviejoi",0
"Lepus_timidus",0
"Lepus_townsendii",0
"Lepus_insularis",0
"Lepus_californicus",0
"Lepus_alleni",0
"Lepus_flavigularis",0
"Lepus_callotis",0
"Lepus_tolai",0
"Lepus_tibetanus",0
"Lepus_starcki",0
"Lepus_capensis",0
"Lepus_habessinicus",0
"Lepus_corsicanus",0
"Lepus_yarkandensis",0
"Lepus_oiostolus",0
"Lepus_comus",0
"Lepus_granatensis",0
"Lepus_europaeus",0
"Lepus_nigricollis",0
"Lepus_peguensis",0
"Lepus_hainanus",0
"Lepus_saxatilis",0
"Lepus_victoriae",0
"Lepus_fagani",0
"Lepus_brachyurus",0
"Lepus_americanus",0
"Lepus_mandshuricus",0
"Lepus_sinensis",0
"Sylvilagus_aquaticus",0
"Sylvilagus_palustris",0
"Sylvilagus_obscurus",0
"Sylvilagus_transitionalis",0
"Sylvilagus_robustus",0
"Sylvilagus_floridanus",0
"Sylvilagus_cunicularius",0
"Sylvilagus_graysoni",0
"Sylvilagus_nuttallii",0
"Sylvilagus_audubonii",0
"Brachylagus_idahoensis",0
"Bunolagus_monticularis",0
"Oryctolagus_cuniculus",0
"Caprolagus_hispidus",0
"Dendrogale_melanura",0
"Dendrogale_murina",0
"Urogale_everetti",0
"Tupaia_gracilis",0
"Tupaia_picta",0
"Tupaia_splendidula",0
"Tupaia_montana",0
"Tupaia_tana",0
"Tupaia_minor",0
"Tupaia_moellendorffi",0
"Tupaia_palawanensis",0
"Tupaia_nicobarica",0
"Tupaia_javanica",0
"Tupaia_dorsalis",0
"Tupaia_chrysogaster",0
"Tupaia_longipes",0
"Tupaia_glis",0
"Tupaia_belangeri",0
"Anathana_ellioti",0
"Ptilocercus_lowii",0
"Calyptophractus_retusus",0
"Chlamyphorus_truncatus",0
"Priodontes_maximus",0
"Tolypeutes_matacus",0
"Tolypeutes_tricinctus",0
"Cabassous_chacoensis",0
"Cabassous_unicinctus",0
"Cabassous_centralis",0
"Cabassous_tatouay",0
"Holmesina_paulacoutoi",1
"Holmesina_occidentalis",1
"Pampatherium_humboldti",1
"Pampatherium_typum",1
"Glyptodon_clavipes",1
"Glyptodon_reticulatus",1
"Doedicurus_clavicaudatus",1
"Panochthus_tuberculatus",1
"Neuryurus_trabeculatus",1
"Pachyarmatherium_brasiliense",0
"Chaetophractus_vellerosus",0
"Zaedyus_pichiy",0
"Euphractus_sexcinctus",0
"Dasypus_septemcinctus",0
"Dasypus_pilosus",0
"Dasypus_sabanicola",0
"Dasypus_yepesi",0
"Dasypus_novemcinctus",0
"Dasypus_kappleri",0
"Dasypus_bellus",0
"Propraopus_punctatus",0
"Propraopus_sulcatus",0
"Tamandua_tetradactyla",0
"Tamandua_mexicana",0
"Myrmecophaga_tridactyla",0
"Cyclopes_didactylus",0
"Valgipes_bucklandi",1
"Scelidodon_chiliensis",1
"Catonyx_cuvieri",1
"Scelidotherium_leptocephalum",1
"Glossotherium_robustum",1
"Lestodon_armatus",1
"Paramylodon_harlani",1
"Megatherium_americanum",1
"Megatherium_tarijense",1
"Eremotherium_laurillardi",1
"Nothrotheriops_shastensis",1
"Nothrotherium_maquinense",1
"Megalocnus_rodens",1
"Megalocnus_zile",1
"Parocnus_browni",1
"Parocnus_serus",1
"Acratocnus_odontrigonus",1
"Acratocnus_ye",1
"Diabolotherium_nordenskioldi",1
"Megalonyx_jeffersonii",1
"Neocnus_comes",1
"Neocnus_dousman",1
"Choloepus_didactylus",0
"Choloepus_hoffmanni",0
"Bradypus_torquatus",0
"Bradypus_pygmaeus",0
"Bradypus_tridactylus",0
"Bradypus_variegatus",0
"Notiomastodon_platensis",1
"Cuvieronius_hyodon",1
"Stegodon_florensis",1
"Stegodon_orientalis",1
"Elephas_iolensis",1
"Elephas_maximus",1
"Elephas_cypriotes",1
"Elephas_antiquus",1
"Mammuthus_columbi",1
"Mammuthus_exilis",1
"Mammuthus_primigenius",1
"Loxodonta_africana",1
"Mammut_americanum",1
"Dendrohyrax_validus",0
"Dendrohyrax_dorsalis",0
"Dendrohyrax_arboreus",0
"Heterohyrax_brucei",0
"Procavia_capensis",0
"Orycteropus_afer",0
"Macroscelides_proboscideus",0
"Macroscelides_flavicaudatus",0
"Macroscelides_micus",0
"Elephantulus_rozeti",0
"Petrodromus_tetradactylus",0
"Elephantulus_edwardii",0
"Elephantulus_pilicaudus",0
"Elephantulus_myurus",0
"Elephantulus_rupestris",0
"Elephantulus_intufi",0
"Elephantulus_brachyrhynchus",0
"Elephantulus_rufescens",0
"Elephantulus_fuscipes",0
"Elephantulus_fuscus",0
"Elephantulus_revoilii",0
"Rhynchocyon_petersi",0
"Rhynchocyon_cirnei",0
"Rhynchocyon_chrysopygus",0
"Potamogale_velox",0
"Micropotamogale_lamottei",0
"Micropotamogale_ruwenzorii",0
"Setifer_setosus",0
"Echinops_telfairi",0
"Tenrec_ecaudatus",0
"Hemicentetes_nigriceps",0
"Hemicentetes_semispinosus",0
"Geogale_aurita",0
"Microgale_brevicaudata",0
"Microgale_cowani",0
"Microgale_longicaudata",0
"Microgale_pusilla",0
"Microgale_principula",0
"Limnogale_mergulus",0
"Oryzorictes_hova",0
"Oryzorictes_tetradactylus",0
"Huetia_leucorhina",0
"Cryptochloris_wintoni",0
"Cryptochloris_zyli",0
"Chrysochloris_asiatica",0
"Chrysochloris_stuhlmanni",0
"Chrysospalax_trevelyani",0
"Chrysospalax_villosus",0
"Calcochloris_obtusirostris",0
"Calcochloris_tytonis",0
"Amblysomus_marleyi",0
"Amblysomus_hottentotus",0
"Amblysomus_septentrionalis",0
"Amblysomus_corriae",0
"Amblysomus_robustus",0
"Neamblysomus_gunningi",0
"Neamblysomus_julianae",0
"Carpitalpa_arendsi",0
"Chlorotalpa_duthieae",0
"Chlorotalpa_sclateri",0
"Eremitalpa_granti",0
"Ornithorhynchus_anatinus",0
"Megalibgwilia_ramsayi",0
"Tachyglossus_aculeatus",0
"Zaglossus_attenboroughi",0
"Zaglossus_bartoni",0
"Zaglossus_bruijnii",0
"Zaglossus_hacketti",0
