"","Tiplabels_metatree","Armatures"
"1","BACKBONE_Abarema_cochliacarpos_LPQ15538",0
"2","BACKBONE_Abarema_diamantina_Guerra_148",0
"3","GRAFT_Acacia_abbreviata_1998",0
"4","GRAFT_Acacia_acanthaster_2619",1
"5","GRAFT_Acacia_acanthoclada_2615",1
"6","GRAFT_Acacia_acellerata_2617",0
"7","GRAFT_Acacia_acinacea_2074",0
"8","GRAFT_Acacia_aciphylla_2613",0
"9","GRAFT_Acacia_acoma_2651",0
"10","GRAFT_Acacia_acradenia_3002",0
"11","GRAFT_Acacia_acrionastes_2627",0
"12","GRAFT_Acacia_acuaria_2626",0
"13","GRAFT_Acacia_aculeatissima_2624",0
"14","GRAFT_Acacia_aculeiformis_2620",1
"15","GRAFT_Acacia_acuminata_3606",0
"16","GRAFT_Acacia_acutata_2645",1
"17","GRAFT_Acacia_adinophylla_2636",0
"18","GRAFT_Acacia_adnata_2634",0
"19","GRAFT_Acacia_adoxa_3550",0
"20","GRAFT_Acacia_adsurgens_3729",0
"21","GRAFT_Acacia_adunca_1867",0
"22","GRAFT_Acacia_aemula_2646",0
"23","GRAFT_Acacia_aestivalis_2648",0
"24","GRAFT_Acacia_alata_3549",1
"25","GRAFT_Acacia_alcockii_2640",0
"26","GRAFT_Acacia_alexandri_2220",1
"27","GRAFT_Acacia_alleniana_1786",0
"28","GRAFT_Acacia_alpina_2663",0
"29","GRAFT_Acacia_amblygona_2801",0
"30","GRAFT_Acacia_amblyophylla_1830",0
"31","GRAFT_Acacia_ammobia_3603",0
"32","GRAFT_Acacia_ammophila_2934",0
"33","GRAFT_Acacia_amoena_3553",0
"34","GRAFT_Acacia_ampliceps_3663",0
"35","GRAFT_Acacia_amyctica_2659",0
"36","GRAFT_Acacia_anarthros_2658",1
"37","GRAFT_Acacia_anasilla_2657",0
"38","GRAFT_Acacia_anastema_2656",0
"39","GRAFT_Acacia_anaticeps_2373",0
"40","GRAFT_Acacia_anceps_2802",0
"41","GRAFT_Acacia_ancistrocarpa_3106",0
"42","GRAFT_Acacia_ancistrophylla_2654",0
"43","GRAFT_Acacia_andrewsii_2672",1
"44","GRAFT_Acacia_aneura_3000",0
"45","GRAFT_Acacia_anfractuosa_2675",0
"46","GRAFT_Acacia_angusta_2669",0
"47","GRAFT_Acacia_anthochaera_2336",0
"48","GRAFT_Acacia_aphanoclada_3664",0
"49","GRAFT_Acacia_aphylla_2803",0
"50","GRAFT_Acacia_applanata_3641",0
"51","GRAFT_Acacia_aprepta_2967",0
"52","GRAFT_Acacia_aprica_2674",0
"53","GRAFT_Acacia_aptaneura_9275",0
"54","GRAFT_Acacia_araneosa_2670",0
"55","GRAFT_Acacia_arcuatilis_2668",0
"56","GRAFT_Acacia_areolata_2666",0
"57","GRAFT_Acacia_argutifolia_3160",0
"58","GRAFT_Acacia_argyraea_1790",0
"59","GRAFT_Acacia_argyrodendron_3403",0
"60","GRAFT_Acacia_argyrophylla_2345",0
"61","GRAFT_Acacia_arida_3561",0
"62","GRAFT_Acacia_armitii_2784",0
"63","GRAFT_Acacia_arrecta_2017",0
"64","GRAFT_Acacia_ashbyae_2076",0
"65","GRAFT_Acacia_aspera_2077",0
"66","GRAFT_Acacia_asperulacea_2685",0
"67","GRAFT_Acacia_assimilis_2804",0
"68","GRAFT_Acacia_ataxiphylla_2684",0
"69","GRAFT_Acacia_atkinsiana_2339",0
"70","GRAFT_Acacia_atrox_2682",0
"71","GRAFT_Acacia_attenuata_2680",0
"72","GRAFT_Acacia_aulacocarpaB",0
"73","GRAFT_Acacia_aulacophylla_Aau2462",0
"74","GRAFT_Acacia_auratiflora_2679",0
"75","GRAFT_Acacia_aureocrinita_2678",0
"76","GRAFT_Acacia_auricoma_1789",0
"77","GRAFT_Acacia_auriculiformis_2929",0
"78","GRAFT_Acacia_auronitens_2798",1
"79","GRAFT_Acacia_ausfeldii_2535",0
"80","GRAFT_Acacia_awestoniana_2797",0
"81","GRAFT_Acacia_axillaris_1869",0
"82","GRAFT_Acacia_ayersiana_9023",0
"83","GRAFT_Acacia_baeuerlenii_2047",0
"84","GRAFT_Acacia_baileyana_2583",0
"85","GRAFT_Acacia_baileyana_2583",0
"86","GRAFT_Acacia_baileyana_2583",0
"87","GRAFT_Acacia_baileyana_2583",0
"88","GRAFT_Acacia_bakeri_2792",0
"89","GRAFT_Acacia_balsamea_2790",0
"90","GRAFT_Acacia_bancroftiorum_2390",0
"91","GRAFT_Acacia_barattensis_1871",0
"92","GRAFT_Acacia_barbinervis_2839",0
"93","GRAFT_Acacia_barrettiorum_3518",0
"94","GRAFT_Acacia_barringtonensis_3475",0
"95","GRAFT_Acacia_basedowii_2836",1
"96","GRAFT_Acacia_baueri_2835",0
"97","GRAFT_Acacia_baxteri_2832",1
"98","GRAFT_Acacia_beadleana_2800",0
"99","GRAFT_Acacia_beauverdiana_3572",0
"100","GRAFT_Acacia_beckleri_1872",0
"101","GRAFT_Acacia_benthamii_2853",0
"102","GRAFT_Acacia_betchei_2362",0
"103","GRAFT_Acacia_bidentata_2852",0
"104","GRAFT_Acacia_bifaria_2850",0
"105","GRAFT_Acacia_biflora_2849",0
"106","GRAFT_Acacia_binata_1873",0
"107","GRAFT_Acacia_binervata_2199",0
"108","GRAFT_Acacia_binervia_2153",0
"109","GRAFT_Acacia_bivenosa_2697",0
"110","GRAFT_Acacia_blakei_2027",0
"111","GRAFT_Acacia_blakelyi_3644",0
"112","GRAFT_Acacia_blaxellii_2848",0
"113","GRAFT_Acacia_blayana_1874",0
"114","GRAFT_Acacia_boormanii_1832",0
"115","GRAFT_Acacia_botrydion_3154",0
"116","GRAFT_Acacia_brachybotrya_3569",0
"117","GRAFT_Acacia_brachyclada_2842",0
"118","GRAFT_Acacia_brachyphylla_2841",0
"119","GRAFT_Acacia_brachypoda_2840",0
"120","GRAFT_Acacia_brachystachya_3063",0
"121","GRAFT_Acacia_bracteolata_2875",0
"122","GRAFT_Acacia_brassii_2335",0
"123","GRAFT_Acacia_brockii_2874",0
"124","GRAFT_Acacia_bromilowiana_2856",0
"125","GRAFT_Acacia_browniana_3573",0
"126","GRAFT_Acacia_brumalis_3557",0
"127","GRAFT_Acacia_brunioides_2868",0
"128","GRAFT_Acacia_bulgaensis_1642",0
"129","GRAFT_Acacia_burbidgeae_2888",0
"130","GRAFT_Acacia_burkittii_2994",0
"131","GRAFT_Acacia_buxifolia_2307",0
"132","GRAFT_Acacia_bynoeana_2887",0
"133","GRAFT_Acacia_caerulescens_2886",0
"134","GRAFT_Acacia_caesaneura_9367",0
"135","GRAFT_Acacia_caesariata_2885",0
"136","GRAFT_Acacia_caesiella_1876",0
"137","GRAFT_Acacia_calamifolia_1833",0
"138","GRAFT_Acacia_calantha_3153",0
"139","GRAFT_Acacia_calcarata_2883",1
"140","GRAFT_Acacia_calcicola_2700",0
"141","GRAFT_Acacia_calyculata_3866",0
"142","GRAFT_Acacia_cambagei_3468",0
"143","GRAFT_Acacia_camptoclada_2877",0
"144","GRAFT_Acacia_campylophylla_3558",1
"145","GRAFT_Acacia_cana_2529",0
"146","GRAFT_Acacia_cangaiensis_2170",0
"147","GRAFT_Acacia_cardiophylla_2806",0
"148","GRAFT_Acacia_carens_2876",0
"149","GRAFT_Acacia_carneorum_2531",0
"150","GRAFT_Acacia_carnosula_3151",0
"151","GRAFT_Acacia_caroleae_2159",0
"152","GRAFT_Acacia_cataractae_2898",0
"153","GRAFT_Acacia_catenulata_2602",0
"154","GRAFT_Acacia_cavealis_2897",0
"155","GRAFT_Acacia_cedroides_3146",0
"156","GRAFT_Acacia_celastrifolia_1943",0
"157","GRAFT_Acacia_celsa_3141",0
"158","GRAFT_Acacia_centrinervia_2893",0
"159","GRAFT_Acacia_cerastes_2892",0
"160","GRAFT_Acacia_chalkeri_2891",0
"161","GRAFT_Acacia_chamaeleon_2890",0
"162","GRAFT_Acacia_chapmanii_3489",0
"163","GRAFT_Acacia_chartacea_2214",1
"164","GRAFT_Acacia_cheelii_2068",0
"165","GRAFT_Acacia_chinchillensis_2807",0
"166","GRAFT_Acacia_chippendalei_3488",0
"167","GRAFT_Acacia_chisholmii_3639",0
"168","GRAFT_Acacia_chrysocephala_827",0
"169","GRAFT_Acacia_chrysotricha_2341",0
"170","GRAFT_Acacia_cincinnata_1778",0
"171","GRAFT_Acacia_citrinoviridis_2545",0
"172","GRAFT_Acacia_clelandii_1879",0
"173","GRAFT_Acacia_clunies_2278",0
"174","GRAFT_Acacia_clydonophora_3139",0
"175","GRAFT_Acacia_cochlearis_3559",0
"176","GRAFT_Acacia_cochlocarpa_3297",0
"177","GRAFT_Acacia_cognata_1835",0
"178","GRAFT_Acacia_colei_2352",0
"179","GRAFT_Acacia_colletioides_3026",0
"180","GRAFT_Acacia_complanata_2056",0
"181","GRAFT_Acacia_concurrens_3838",0
"182","GRAFT_Acacia_conferta_2150",0
"183","GRAFT_Acacia_congesta_3138",1
"184","GRAFT_Acacia_consobrina_2166",0
"185","GRAFT_Acacia_conspersa_2358",0
"186","GRAFT_Acacia_constablei_2171",0
"187","GRAFT_Acacia_continua_2004",0
"188","GRAFT_Acacia_convallium_3302",0
"189","GRAFT_Acacia_coolgardiensis_2009",0
"190","GRAFT_Acacia_coriacea_3671",0
"191","GRAFT_Acacia_costata_3135",0
"192","GRAFT_Acacia_costiniana_3609",0
"193","GRAFT_Acacia_courtii_3132",0
"194","GRAFT_Acacia_covenyi_1882",0
"195","GRAFT_Acacia_cowleana_3738",0
"196","GRAFT_Acacia_craspedocarpa_9731",0
"197","GRAFT_Acacia_crassa_3649",0
"198","GRAFT_Acacia_crassicarpa_3615",0
"199","GRAFT_Acacia_crassistipula_3304",0
"200","GRAFT_Acacia_crassiuscula_3131",0
"201","GRAFT_Acacia_crassuloides_3308",0
"202","GRAFT_Acacia_cremiflora_2809",0
"203","GRAFT_Acacia_cretata_1770",0
"204","GRAFT_Acacia_crispula_3311",0
"205","GRAFT_Acacia_cultriformis_1970",0
"206","GRAFT_Acacia_cummingiana_3128",0
"207","GRAFT_Acacia_cupularis_2707",0
"208","GRAFT_Acacia_curranii_1883",0
"209","GRAFT_Acacia_curvata_3125",0
"210","GRAFT_Acacia_cuspidifolia_2217",0
"211","GRAFT_Acacia_cuthbertsonii_2926",0
"212","GRAFT_Acacia_cyclops_1840",0
"213","GRAFT_Acacia_cyperophylla_3090",0
"214","GRAFT_Acacia_dacrydioides_3538",0
"215","GRAFT_Acacia_dangarensis_1921",0
"216","GRAFT_Acacia_daviesioides_3650",0
"217","GRAFT_Acacia_dawsonii_1885",0
"218","GRAFT_Acacia_dealbata_3845",0
"219","GRAFT_Acacia_deanei_2010",0
"220","GRAFT_Acacia_debilis_2190",0
"221","GRAFT_Acacia_declinata_2081",0
"222","GRAFT_Acacia_decora_3017",0
"223","GRAFT_Acacia_decurrens_2947",0
"224","GRAFT_Acacia_delibrata_1982",0
"225","GRAFT_Acacia_delicatula_3315",0
"226","GRAFT_Acacia_delphina_836",0
"227","GRAFT_Acacia_deltoidea_3519",0
"228","GRAFT_Acacia_dempsteri_1887",1
"229","GRAFT_Acacia_denticulosa_1965",0
"230","GRAFT_Acacia_dermatophylla_3255",0
"231","GRAFT_Acacia_desmondii_3087",0
"232","GRAFT_Acacia_diallaga_Adi2450",0
"233","GRAFT_Acacia_diaphyllodinea_3252",0
"234","GRAFT_Acacia_dictyoneura_1942",0
"235","GRAFT_Acacia_dictyophleba_1974",0
"236","GRAFT_Acacia_didyma_2782",0
"237","GRAFT_Acacia_difficilis_3638",0
"238","GRAFT_Acacia_dilatata_3248",0
"239","GRAFT_Acacia_dimidiata_1948",0
"240","GRAFT_Acacia_diminuta_3247",0
"241","GRAFT_Acacia_disparrima_2368",0
"242","GRAFT_Acacia_distans_1865",0
"243","GRAFT_Acacia_disticha_3246",0
"244","GRAFT_Acacia_dodonaeifolia_1962",0
"245","GRAFT_Acacia_dolichophylla_3093",0
"246","GRAFT_Acacia_doratoxylon_1907",0
"247","GRAFT_Acacia_dorothea_2065",0
"248","GRAFT_Acacia_drepanocarpa_3739",0
"249","GRAFT_Acacia_drepanophylla_2546",0
"250","GRAFT_Acacia_drewiana_3243",0
"251","GRAFT_Acacia_drummondii_2021",0
"252","GRAFT_Acacia_dunnii_1991",0
"253","GRAFT_Acacia_durabilis_3240",0
"254","GRAFT_Acacia_echinuliflora_3232",0
"255","GRAFT_Acacia_effusifolia_3416",0
"256","GRAFT_Acacia_elachantha_3776",0
"257","GRAFT_Acacia_elata_1888",0
"258","GRAFT_Acacia_elongata27e",0
"259","GRAFT_Acacia_empelioclada_2813",0
"260","GRAFT_Acacia_enervia_2904",0
"261","GRAFT_Acacia_enterocarpa_2084",0
"262","GRAFT_Acacia_epacantha_1889",1
"263","GRAFT_Acacia_ericksoniae_3230",0
"264","GRAFT_Acacia_erioclada_3220",1
"265","GRAFT_Acacia_eriopoda_772",0
"266","GRAFT_Acacia_errabunda_3189",0
"267","GRAFT_Acacia_estrophiolata_3084",0
"268","GRAFT_Acacia_euthycarpa_1977",0
"269","GRAFT_Acacia_excelsa_1843",0
"270","GRAFT_Acacia_excentrica_3186",0
"271","GRAFT_Acacia_exilis_2351",0
"272","GRAFT_Acacia_extensa_1976",0
"273","GRAFT_Acacia_fagonioides_3183",1
"274","GRAFT_Acacia_falcata_2029",0
"275","GRAFT_Acacia_falciformis_2945",0
"276","GRAFT_Acacia_fasciculifera_305",0
"277","GRAFT_Acacia_faucium_2376",0
"278","GRAFT_Acacia_fecunda_3181",0
"279","GRAFT_Acacia_filamentosa_3419",0
"280","GRAFT_Acacia_filicifolia_3013",0
"281","GRAFT_Acacia_fimbriata26f",0
"282","GRAFT_Acacia_flavescens_3612",0
"283","GRAFT_Acacia_flavipila_3832",0
"284","GRAFT_Acacia_flexifolia_1844",0
"285","GRAFT_Acacia_floribunda_2032",0
"286","GRAFT_Acacia_floydii_3773",0
"287","GRAFT_Acacia_fragilis_2814",0
"288","GRAFT_Acacia_frigescens_3640",0
"289","GRAFT_Acacia_froggattii_3515",0
"290","GRAFT_Acacia_fulva_2183",0
"291","GRAFT_Acacia_fuscaneura_9778",0
"292","GRAFT_Acacia_gardneri_3179",0
"293","GRAFT_Acacia_gelasina_2207",0
"294","GRAFT_Acacia_gemina_3560",0
"295","GRAFT_Acacia_genistifolia_1992",0
"296","GRAFT_Acacia_georginae_3101",0
"297","GRAFT_Acacia_gilbertii_1928",0
"298","GRAFT_Acacia_gillii_1981",0
"299","GRAFT_Acacia_gittinsii_2815",0
"300","GRAFT_Acacia_gladiiformis_1845",0
"301","GRAFT_Acacia_glaucissima_2003",0
"302","GRAFT_Acacia_glaucocaesia_2859",0
"303","GRAFT_Acacia_glaucocarpa_2141",0
"304","GRAFT_Acacia_glaucoptera_2151",0
"305","GRAFT_Acacia_gnidium_1978",0
"306","GRAFT_Acacia_gonocarpa_2088",0
"307","GRAFT_Acacia_gonoclada_1975",0
"308","GRAFT_Acacia_gonophylla_2279",0
"309","GRAFT_Acacia_gordonii_2138",0
"310","GRAFT_Acacia_gracilenta_3420",0
"311","GRAFT_Acacia_grandifolia_1847",0
"312","GRAFT_Acacia_grasbyi_2971",0
"313","GRAFT_Acacia_gregorii_2321",0
"314","GRAFT_Acacia_guinetii_2022",0
"315","GRAFT_Acacia_hakeoides_1830",0
"316","GRAFT_Acacia_halliana_1849",0
"317","GRAFT_Acacia_hamersleyensis_1952",0
"318","GRAFT_Acacia_hammondii_2318",0
"319","GRAFT_Acacia_harpophylla_2061",0
"320","GRAFT_Acacia_harveyi_1850",0
"321","GRAFT_Acacia_hastulata_2089",0
"322","GRAFT_Acacia_havilandiorum_2041",0
"323","GRAFT_Acacia_helicophylla_3601",0
"324","GRAFT_Acacia_hemignosta_3520",0
"325","GRAFT_Acacia_hemiteles_3596",0
"326","GRAFT_Acacia_hemsleyi_3720",0
"327","GRAFT_Acacia_heterochroa_3177",0
"328","GRAFT_Acacia_heteroclita_1961",0
"329","GRAFT_Acacia_hexaneura_2092",0
"330","GRAFT_Acacia_hilliana_2346",0
"331","GRAFT_Acacia_holosericea_1780",0
"332","GRAFT_Acacia_omalophylla_2728",0
"333","GRAFT_Acacia_howittii_2090",0
"334","GRAFT_Acacia_huegelii_3173",0
"335","GRAFT_Acacia_humifusa_3867",0
"336","GRAFT_Acacia_hyaloneura_3744",0
"337","GRAFT_Acacia_hylonoma_2396",0
"338","GRAFT_Acacia_hypermeces_3170",0
"339","GRAFT_Acacia_hystrix_2093",0
"340","GRAFT_Acacia_imbricata_2299",0
"341","GRAFT_Acacia_imitans_3168",1
"342","GRAFT_Acacia_implexa_3595",0
"343","GRAFT_Acacia_inaequilatera_2355",1
"344","GRAFT_Acacia_inceana_2499",0
"345","GRAFT_Acacia_incrassata_3166",1
"346","GRAFT_Acacia_incurva_873",0
"347","GRAFT_Acacia_incurvaneura_9646",0
"348","GRAFT_Acacia_ingramii_1895",0
"349","GRAFT_Acacia_ingrata_3165",0
"350","GRAFT_Acacia_inophloia_3588",0
"351","GRAFT_Acacia_intricata_3571",1
"352","GRAFT_Acacia_irrorata_2377",0
"353","GRAFT_Acacia_iteaphylla_2094",0
"354","GRAFT_Acacia_ixiophylla_1963",0
"355","GRAFT_Acacia_ixodes_2095",0
"356","GRAFT_Acacia_jacksonioides_3162",1
"357","GRAFT_Acacia_jamesiana_2086",0
"358","GRAFT_Acacia_jasperensis_3428",0
"359","GRAFT_Acacia_jennerae_2370",0
"360","GRAFT_Acacia_jensenii_3521",0
"361","GRAFT_Acacia_jibberdingensis_2491",0
"362","GRAFT_Acacia_jonesii_3492",0
"363","GRAFT_Acacia_jucunda_2002",0
"364","GRAFT_Acacia_julifera_3731",0
"365","GRAFT_Acacia_karina_Aka2488",0
"366","GRAFT_Acacia_kelleri_3536",0
"367","GRAFT_Acacia_kempeana_2913",0
"368","GRAFT_Acacia_kenneallyi_3517",0
"369","GRAFT_Acacia_kettlewelliae_3434",0
"370","GRAFT_Acacia_kimberleyensis_3537",0
"371","GRAFT_Acacia_kochii_3293",1
"372","GRAFT_Acacia_kybeanensis_2818",0
"373","GRAFT_Acacia_lacertensis_3291",0
"374","GRAFT_Acacia_lachnophylla_3286",0
"375","GRAFT_Acacia_lamprocarpa_2367",0
"376","GRAFT_Acacia_lasiocalyx_1851",0
"377","GRAFT_Acacia_lasiocarpa_3655",1
"378","GRAFT_Acacia_lateriticola_157",0
"379","GRAFT_Acacia_latescens_2371",0
"380","GRAFT_Acacia_latifolia_3437",0
"381","GRAFT_Acacia_latior_3283",0
"382","GRAFT_Acacia_latipes_2008",0
"383","GRAFT_Acacia_latisepala_2192",0
"384","GRAFT_Acacia_latzii_3083",0
"385","GRAFT_Acacia_leeuweniana_3281",0
"386","GRAFT_Acacia_leichhardtii_1986",0
"387","GRAFT_Acacia_leiocalyx_2050",0
"388","GRAFT_Acacia_leioderma_1997",0
"389","GRAFT_Acacia_leiophylla_3652",0
"390","GRAFT_Acacia_lentiginea_3525",0
"391","GRAFT_Acacia_leprosa_3822",0
"392","GRAFT_Acacia_leptocarpa_1946",0
"393","GRAFT_Acacia_leptoclada_DM1",0
"394","GRAFT_Acacia_leptoneura_2099",0
"395","GRAFT_Acacia_leptostachya_3586",0
"396","GRAFT_Acacia_leucoclada_3011",0
"397","GRAFT_Acacia_leucolobia_2248",0
"398","GRAFT_Acacia_ligulata_3682",0
"399","GRAFT_Acacia_limbata_3507",0
"400","GRAFT_Acacia_linarioides_3439",0
"401","GRAFT_Acacia_linearifolia_2271",0
"402","GRAFT_Acacia_lineata_2146",0
"403","GRAFT_Acacia_lineolata_2820",0
"404","GRAFT_Acacia_linifolia_3008",0
"405","GRAFT_Acacia_littorea_3564",0
"406","GRAFT_Acacia_loderi_2554",0
"407","GRAFT_Acacia_longifolia_2365",0
"408","GRAFT_Acacia_longispicata_1854",0
"409","GRAFT_Acacia_longispinea_2205",0
"410","GRAFT_Acacia_longissima_2313",0
"411","GRAFT_Acacia_loroloba_2193",0
"412","GRAFT_Acacia_lucasii_3277",0
"413","GRAFT_Acacia_lullfitziorum_3441",1
"414","GRAFT_Acacia_luteola_2100",0
"415","GRAFT_Acacia_lycopodiifolia_189",0
"416","GRAFT_Acacia_lysiphloia_3098",0
"417","GRAFT_Acacia_mabellae_2559",0
"418","GRAFT_Acacia_macdonnellensis_2102",0
"419","GRAFT_Acacia_mackeyana_2500",0
"420","GRAFT_Acacia_macnuttiana_2302",0
"421","GRAFT_Acacia_maconochieana_3080",0
"422","GRAFT_Acacia_macradenia_1968",0
"423","GRAFT_Acacia_macraneura_9178",0
"424","GRAFT_Acacia_maidenii_3004",0
"425","GRAFT_Acacia_maitlandii_2389",0
"426","GRAFT_Acacia_mangium_2328",0
"427","GRAFT_Acacia_maranoensis_2561",0
"428","GRAFT_Acacia_tindaleae_2295",0
"429","GRAFT_Acacia_marramamba_2722",1
"430","GRAFT_Acacia_masliniana_2989",0
"431","GRAFT_Acacia_matthewii_2121",0
"432","GRAFT_Acacia_mearnsii37m",0
"433","GRAFT_Acacia_megalantha_3585",0
"434","GRAFT_Acacia_meisneri_1934",0
"435","GRAFT_Acacia_melanoxylon_2988",0
"436","GRAFT_Acacia_melleodora_3105",0
"437","GRAFT_Acacia_melvillei_2600",0
"438","GRAFT_Acacia_menzelii_1899",0
"439","GRAFT_Acacia_merrallii_3607",0
"440","GRAFT_Acacia_merrickiae_448",0
"441","GRAFT_Acacia_microbotrya_2240",0
"442","GRAFT_Acacia_microcalyx_3325",1
"443","GRAFT_Acacia_microneura_3275",0
"444","GRAFT_Acacia_microsperma_2507",0
"445","GRAFT_Acacia_midgleyi_2332",0
"446","GRAFT_Acacia_mimica_3273",0
"447","GRAFT_Acacia_gracillima_3546",0
"448","GRAFT_Acacia_minyura_9331",0
"449","GRAFT_Acacia_mitchellii_2181",0
"450","GRAFT_Acacia_moirii_2101",1
"451","GRAFT_Acacia_mollifolia_1900",0
"452","GRAFT_Acacia_montana_3024",0
"453","GRAFT_Acacia_monticola_1657",0
"454","GRAFT_Acacia_mooreana_3270",0
"455","GRAFT_Acacia_mountfordiae_3565",0
"456","GRAFT_Acacia_mucronata_556",0
"457","GRAFT_Acacia_muelleriana_1855",0
"458","GRAFT_Acacia_mulganeura_9276",0
"459","GRAFT_Acacia_multisiliqua_2329",0
"460","GRAFT_Acacia_multispicata_1856",0
"461","GRAFT_Acacia_multistipulosa_3267",0
"462","GRAFT_Acacia_murrayana_3088",0
"463","GRAFT_Acacia_myrtifolia_2048",0
"464","GRAFT_Acacia_nanodealbata_2369",0
"465","GRAFT_Acacia_nematophylla_1999",0
"466","GRAFT_Acacia_brachycarpa_2843",0
"467","GRAFT_Acacia_neriifolia8n",0
"468","GRAFT_Acacia_neurocarpa_3584",0
"469","GRAFT_Acacia_neurophylla_2103",0
"470","GRAFT_Acacia_nigricans_1990",0
"471","GRAFT_Acacia_nitidula_3265",0
"472","GRAFT_Acacia_nodiflora_3583",1
"473","GRAFT_Acacia_notabilis_2823",0
"474","GRAFT_Acacia_nuperrima_3535",0
"475","GRAFT_Acacia_nyssophylla_3096",0
"476","GRAFT_Acacia_obliquinervia_1985",0
"477","GRAFT_Acacia_obtecta_3825",0
"478","GRAFT_Acacia_obtusata_2338",0
"479","GRAFT_Acacia_obtusifolia_1980",0
"480","GRAFT_Acacia_octonervia_3264",0
"481","GRAFT_Acacia_oldfieldii_1951",0
"482","GRAFT_Acacia_olgana_3100",0
"483","GRAFT_Acacia_olsenii_2337",0
"484","GRAFT_Acacia_oncinocarpa_3788",0
"485","GRAFT_Acacia_ophiolithica_3262",0
"486","GRAFT_Acacia_oraria_3722",0
"487","GRAFT_Acacia_orbifolia_3261",0
"488","GRAFT_Acacia_orites_2987",0
"489","GRAFT_Acacia_orthocarpa_1857",0
"490","GRAFT_Acacia_oshanesii_2053",0
"491","GRAFT_Acacia_oswaldii_3747",0
"492","GRAFT_Acacia_oxyclada_2006",1
"493","GRAFT_Acacia_pachyacra_2204",0
"494","GRAFT_Acacia_pachycarpa_3081",0
"495","GRAFT_Acacia_papulosa_3323",0
"496","GRAFT_Acacia_papyrocarpa_2985",0
"497","GRAFT_Acacia_paradoxa_2912",1
"498","GRAFT_Acacia_paraneura_3064",0
"499","GRAFT_Acacia_parramattensis_2374",0
"500","GRAFT_Acacia_parvipinnula_1859",0
"501","GRAFT_Acacia_patagiata_2001",0
"502","GRAFT_Acacia_pedina_2277",0
"503","GRAFT_Acacia_pedleyi_2196",0
"504","GRAFT_Acacia_pellita_1940",0
"505","GRAFT_Acacia_pendula_2730",0
"506","GRAFT_Acacia_penninervis_1966",0
"507","GRAFT_Acacia_pentadenia_2014",0
"508","GRAFT_Acacia_perangusta_2111",0
"509","GRAFT_Acacia_peregrinalis_2366",0
"510","GRAFT_Acacia_perryi_1947",0
"511","GRAFT_Acacia_petraea_2273",0
"512","GRAFT_Acacia_peuce_3815",0
"513","GRAFT_Acacia_phaeocalyx_3322",1
"514","GRAFT_Acacia_pharangites_3320",0
"515","GRAFT_Acacia_phlebopetala_2108",0
"516","GRAFT_Acacia_phlebophylla_1905",0
"517","GRAFT_Acacia_pickardii_3691",1
"518","GRAFT_Acacia_piligera_2120",0
"519","GRAFT_Acacia_pinguiculosa_3318",0
"520","GRAFT_Acacia_platycarpa_3741",0
"521","GRAFT_Acacia_plectocarpa_3234",0
"522","GRAFT_Acacia_plicata_3219",0
"523","GRAFT_Acacia_podalyriifolia_1906",0
"524","GRAFT_Acacia_polybotrya_3369",0
"525","GRAFT_Acacia_polystachya_3327",0
"526","GRAFT_Acacia_porcata_3218",0
"527","GRAFT_Acacia_praelongata_2203",0
"528","GRAFT_Acacia_prainii_2109",0
"529","GRAFT_Acacia_pravifolia_1908",0
"530","GRAFT_Acacia_pravissima_1860",0
"531","GRAFT_Acacia_producta_3217",0
"532","GRAFT_Acacia_proiantha_3214",0
"533","GRAFT_Acacia_prominens_2825",0
"534","GRAFT_Acacia_pruinocarpa_2334",0
"535","GRAFT_Acacia_pruinosa_1987",0
"536","GRAFT_Acacia_pteraneura_3066",0
"537","GRAFT_Acacia_pterocaulon_3656",0
"538","GRAFT_Acacia_ptychoclada_3645",0
"539","GRAFT_Acacia_ptychophylla_2393",0
"540","GRAFT_Acacia_pubescens_2275",0
"541","GRAFT_Acacia_pubicosta_2113",0
"542","GRAFT_Acacia_pubifolia_2112",0
"543","GRAFT_Acacia_pubirhachis_3331",0
"544","GRAFT_Acacia_pulchella_709",1
"545","GRAFT_Acacia_pustula_2133",0
"546","GRAFT_Acacia_pycnantha_3361",0
"547","GRAFT_Acacia_pycnostachya_1910",0
"548","GRAFT_Acacia_pygmaea_3211",0
"549","GRAFT_Acacia_pyrifolia_1776",1
"550","GRAFT_Acacia_quadrimarginea_3570",0
"551","GRAFT_Acacia_quadrisulcata_3562",0
"552","GRAFT_Acacia_quinquinervia_3334",0
"553","GRAFT_Acacia_ramulosa_3099",0
"554","GRAFT_Acacia_redolens_2343",0
"555","GRAFT_Acacia_repanda_2353",0
"556","GRAFT_Acacia_resinicostata_2147",0
"557","GRAFT_Acacia_resinimarginea_2924",0
"558","GRAFT_Acacia_resinosa_3335",0
"559","GRAFT_Acacia_restiacea_3582",0
"560","GRAFT_Acacia_retinervis_2378",0
"561","GRAFT_Acacia_retinodes_2013",0
"562","GRAFT_Acacia_retivenea_3506",0
"563","GRAFT_Acacia_rhamphophylla_3210",0
"564","GRAFT_Acacia_rhetinocarpa_1911",0
"565","GRAFT_Acacia_rhigiophylla_3646",1
"566","GRAFT_Acacia_rhodophloia_3069",0
"567","GRAFT_Acacia_riceana_3794",0
"568","GRAFT_Acacia_rigens_1912",0
"569","GRAFT_Acacia_rigescens_3209",0
"570","GRAFT_Acacia_rivalis_1979",0
"571","GRAFT_Acacia_rossei_209",0
"572","GRAFT_Acacia_rostellifera_2738",0
"573","GRAFT_Acacia_rothii_3604",0
"574","GRAFT_Acacia_rubida_2920",0
"575","GRAFT_Acacia_ryaniana_2741",1
"576","GRAFT_Acacia_sabulosa_2359",0
"577","GRAFT_Acacia_saliciformis_2155",0
"578","GRAFT_Acacia_salicina_2747",0
"579","GRAFT_Acacia_saligna_964",0
"580","GRAFT_Acacia_saxatilis_3207",0
"581","GRAFT_Acacia_schinoides_2340",0
"582","GRAFT_Acacia_scirpifolia_3642",0
"583","GRAFT_Acacia_sclerophylla_3459",0
"584","GRAFT_Acacia_sclerosperma_3697",0
"585","GRAFT_Acacia_semicircinalis_3203",0
"586","GRAFT_Acacia_semilunata_2276",0
"587","GRAFT_Acacia_semirigida_3608",0
"588","GRAFT_Acacia_semitrullata_3200",0
"589","GRAFT_Acacia_sericata_3339",0
"590","GRAFT_Acacia_sericocarpa_3344",0
"591","GRAFT_Acacia_sericoflora_2401",0
"592","GRAFT_Acacia_sericophylla_3103",0
"593","GRAFT_Acacia_sessilis_3599",1
"594","GRAFT_Acacia_sessilispica_2350",0
"595","GRAFT_Acacia_setulifera_3804",0
"596","GRAFT_Acacia_shirleyi_3748",0
"597","GRAFT_Acacia_shuttleworthii_3199",0
"598","GRAFT_Acacia_sibilans_2752",0
"599","GRAFT_Acacia_sibina_2571",0
"600","GRAFT_Acacia_stowardii_1935",0
"601","GRAFT_Acacia_siculiformis_2285",0
"602","GRAFT_Acacia_signata_3556",0
"603","GRAFT_Acacia_silvestris_1957",0
"604","GRAFT_Acacia_simsii_1984",0
"605","GRAFT_Acacia_simulans_3198",0
"606","GRAFT_Acacia_sparsiflora_2381",0
"607","GRAFT_Acacia_spathulifolia_1938",0
"608","GRAFT_Acacia_speckii_3346",0
"609","GRAFT_Acacia_spectabilis_1862",0
"610","GRAFT_Acacia_spinescens_403",1
"611","GRAFT_Acacia_spinosissima_3349",1
"612","GRAFT_Acacia_spirorbis_2375",0
"613","GRAFT_Acacia_spondylophylla_934",0
"614","GRAFT_Acacia_spongolitica_2828",0
"615","GRAFT_Acacia_startii_3702",0
"616","GRAFT_Acacia_steedmanii_3563",0
"617","GRAFT_Acacia_stellaticeps_3784",0
"618","GRAFT_Acacia_stereophylla_3704",0
"619","GRAFT_Acacia_stigmatophylla_3643",0
"620","GRAFT_Acacia_stipuligera_2348",0
"621","GRAFT_Acacia_storyi_3457",0
"622","GRAFT_Acacia_striatifolia_2344",0
"623","GRAFT_Acacia_strongylophylla_2763",1
"624","GRAFT_Acacia_suaveolens_1913",0
"625","GRAFT_Acacia_subflexuosa_3597",0
"626","GRAFT_Acacia_sublanata_3353",0
"627","GRAFT_Acacia_subporosa_3783",0
"628","GRAFT_Acacia_subracemosa_3567",0
"629","GRAFT_Acacia_subrigida_2209",0
"630","GRAFT_Acacia_subsessilis_3194",0
"631","GRAFT_Acacia_subternata_3806",0
"632","GRAFT_Acacia_subtessarogona_2315",0
"633","GRAFT_Acacia_subulata_1914",0
"634","GRAFT_Acacia_sulcata_3598",0
"635","GRAFT_Acacia_synchronicia_2768",1
"636","GRAFT_Acacia_tarculensis_2980",0
"637","GRAFT_Acacia_telmica_2322",0
"638","GRAFT_Acacia_tenuinervis_2296",0
"639","GRAFT_Acacia_tenuissima_2347",0
"640","GRAFT_Acacia_tephrina_3724",0
"641","GRAFT_Acacia_teretifolia_3594",1
"642","GRAFT_Acacia_terminalis_3575",0
"643","GRAFT_Acacia_tessellata_3505",0
"644","GRAFT_Acacia_tetragonophylla_2413",0
"645","GRAFT_Acacia_thomsonii_3528",0
"646","GRAFT_Acacia_trachycarpa_3611",0
"647","GRAFT_Acacia_trachyphloia_2308",0
"648","GRAFT_Acacia_translucens_3534",0
"649","GRAFT_Acacia_trigonophylla_3593",0
"650","GRAFT_Acacia_trinalis_3226",0
"651","GRAFT_Acacia_trinervata_3568",0
"652","GRAFT_Acacia_trineura_3590",0
"653","GRAFT_Acacia_triptera_3020",0
"654","GRAFT_Acacia_triptycha_3581",0
"655","GRAFT_Acacia_triquetra_1863",0
"656","GRAFT_Acacia_tropica_1864",0
"657","GRAFT_Acacia_tumida_3445",0
"658","GRAFT_Acacia_tysonii_2774",0
"659","GRAFT_Acacia_ulicifolia_3579",0
"660","GRAFT_Acacia_ulicina_3580",1
"661","GRAFT_Acacia_uliginosa_3224",0
"662","GRAFT_Acacia_umbellata_2392",0
"663","GRAFT_Acacia_umbraculiformis_2443",0
"664","GRAFT_Acacia_uncifera_3732",0
"665","GRAFT_Acacia_uncinata_2060",0
"666","GRAFT_Acacia_uncinella_3591",0
"667","GRAFT_Acacia_undoolyana_3089",0
"668","GRAFT_Acacia_unguicula_3223",1
"669","GRAFT_Acacia_urophylla_3576",0
"670","GRAFT_Acacia_validinervia_2311",0
"671","GRAFT_Acacia_venulosa_1917",0
"672","GRAFT_Acacia_verniciflua_3809",0
"673","GRAFT_Acacia_veronica_3780",0
"674","GRAFT_Acacia_verticillata_2950",0
"675","GRAFT_Acacia_vestita_2397",0
"676","GRAFT_Acacia_victoriae_3713",1
"677","GRAFT_Acacia_vincentii_3522",0
"678","GRAFT_Acacia_viscidula_3018",0
"679","GRAFT_Acacia_vittata_3221",0
"680","GRAFT_Acacia_wanyu_2312",0
"681","GRAFT_Acacia_wardellii_3355",0
"682","GRAFT_Acacia_wattsiana_2342",0
"683","GRAFT_Acacia_wickhamii_3578",0
"684","GRAFT_Acacia_wilhelmiana_3028",0
"685","GRAFT_Acacia_williamsonii_3577",0
"686","GRAFT_Acacia_woodmaniorum_Awo2466",0
"687","GRAFT_Acacia_xanthina_2323",0
"688","GRAFT_Acacia_xiphophylla_2948",0
"689","GRAFT_Acacia_yirrkallensis_2349",0
"690","BACKBONE_Acaciella_villosa_CEH2635",0
"691","BACKBONE_Adenanthera_pavonina_Ambriansyah_and_Arifin_AA295",0
"692","BACKBONE_Adenopodia_patens_Sandoval_MS343",1
"693","BACKBONE_Adenopodia_scelerata_CJ10602",1
"694","BACKBONE_Afrocalliandra_gilbertii_Gillett_and_Hemming_24799",1
"695","BACKBONE_Afrocalliandra_redacta_Germishuizen_5585",1
"696","GRAFT_Alantsilodendron_brevipes",0
"697","GRAFT_Alantsilodendron_glomeratum_EK257",0
"698","GRAFT_Alantsilodendron_humbertii_P00209050",0
"699","GRAFT_Alantsilodendron_mahafalense_Labat3630",0
"700","GRAFT_Alantsilodendron_pilosum_EK203",0
"701","GRAFT_Alantsilodendron_avillosum_EK409",0
"702","GRAFT_Albizia_acle_Villavicencio_27204",0
"703","GRAFT_Albizia_adianthifolia_OM1811",0
"704","BACKBONE_Albizia_adinocephala_FHO33_88",0
"705","BACKBONE_Cathormion_altissimum_CJ10709",0
"706","GRAFT_Albizia_androyensis_Randrianaivo_et_al_1742",0
"707","GRAFT_Albizia_anthelmintica_OM0363",0
"708","GRAFT_Albizia_antunesiana_Tinley_1454",0
"709","GRAFT_Albizia_arenicola_Du_Puy_M296",0
"710","GRAFT_Albizia_atakataka_EK229",0
"711","GRAFT_Albizia_attopuense_Maxwell_92_747",0
"712","GRAFT_Albizia_aurisparsa_EK230",0
"713","GRAFT_Albizia_balabaka_Du_Puy_M123",0
"714","GRAFT_Albizia_bernieri_EK354",0
"715","BACKBONE_Albizia_berteroana_Jimenez_Rodriguez_1107",0
"716","GRAFT_Albizia_boinensis_Du_Puy_M523",0
"717","GRAFT_Albizia_boivinii_EK270",0
"718","GRAFT_Albizia_brevifolia_OM0826",0
"719","BACKBONE_Albizia_burkartiana_StivalSantos_678",0
"720","GRAFT_Albizia_canescens_Forster_PIF9580",0
"721","BACKBONE_Albizia_carbonaria_Daza_16353",0
"722","GRAFT_Albizia_chevalieri_Okafov_Daramota_54622",0
"723","GRAFT_Albizia_chinensis_But_79_100A",0
"724","GRAFT_Albizia_commiphoroides_Phillipson_2781",0
"725","GRAFT_Albizia_coriaria_Jongkind_2482",0
"726","BACKBONE_Albizia_coripatensis_CEH2433",0
"727","GRAFT_Albizia_corniculata_Shiu_Ying_Hu_10383",0
"728","GRAFT_Albizia_crassiramea_Parnell_95_401",0
"729","BACKBONE_Albizia_decandra_Vilhena_231",0
"730","BACKBONE_Samanea_dinklagei_Jongkind7359",0
"731","GRAFT_Albizia_divaricata_Randrianaivo_485",0
"732","GRAFT_Albizia_duclouxii_Ducloux_6112",0
"733","BACKBONE_Albizia_edwallii_Dalmaso_272",0
"734","GRAFT_Albizia_evansii_Correia_Marques_843",0
"735","GRAFT_Albizia_ferruginea_CJ10762",0
"736","GRAFT_Albizia_forbesii_OM0228",0
"737","GRAFT_Albizia_gillardinii_Dechamps_256",0
"738","GRAFT_Albizia_glaberrima_OM2605",0
"739","BACKBONE_Albizia_glabripetala_Lewis_1652_MWC41328",0
"740","GRAFT_Albizia_grandibracteata_EK159",0
"741","GRAFT_Albizia_guillainii_Veillon_8151",0
"742","GRAFT_Albizia_gummifera_Tawakali_Kaunda_436",0
"743","GRAFT_Albizia_harveyi_OM0773",0
"744","BACKBONE_Albizia_inundata_JRIW26530",0
"745","GRAFT_Albizia_isenbergiana_Verdcourt_3237B",0
"746","GRAFT_Albizia_julibrissin_Fumihiro_Konta_18313",0
"747","GRAFT_Albizia_kalkora_Xiao_Bai_Zhong_4356",0
"748","GRAFT_Albizia_laurentii_Breteler_15764",0
"749","GRAFT_Albizia_lebbeck_Nee_28682",0
"750","GRAFT_Albizia_lebbekoides_Larsen_31706",0
"751","BACKBONE_Albizia_leonardii_Zanoni_34986",0
"752","BACKBONE_Samanea_leptophylla_Brummit_14035_MWC41321",0
"753","GRAFT_Albizia_mahalao_EK216",0
"754","GRAFT_Albizia_mainaea_Du_Puy_M682",0
"755","GRAFT_Albizia_malacophylla_var_ugandensis_de_Wilde_de_Wilde_Duyfjes_8944",0
"756","GRAFT_Albizia_masikororum_EK237",0
"757","GRAFT_Albizia_morombensis_Phillipson_Manjakahery_5985",0
"758","BACKBONE_Albizia_multiflora_CEH3090",0
"759","GRAFT_Albizia_myriophylla_Larsen_33455",0
"760","BACKBONE_Albizia_niopoides_MFS1601",0
"761","GRAFT_Albizia_numidarum_Labat_3552",0
"762","GRAFT_Albizia_obbiadensis_Thulin_4163",0
"763","BACKBONE_Cathormion_obliquifoliolatum_Wieringa_6519",0
"764","GRAFT_Albizia_odorata_Du_Puy_M335",0
"765","GRAFT_Albizia_odoratissima_Chow_80078",0
"766","GRAFT_Albizia_pedicellata_Ambriansyah_AA702",0
"767","GRAFT_Albizia_perrieri_Nusbaumer_LN_1876",0
"768","GRAFT_Albizia_petersiana_subsp_petersiana_Greenway_Kanuri_15362",0
"769","GRAFT_Albizia_philippinensis_Aherns_collector",0
"770","BACKBONE_Albizia_pistaciifolia_Ferreira_210_MWC41335",0
"771","GRAFT_Albizia_polyphylla_EK256",0
"772","GRAFT_Albizia_procera_Matthew_RHT_63670",0
"773","GRAFT_Albizia_retusa_B_Hyland_2732",0
"774","GRAFT_Albizia_rosulata_Ariffin_Kalat_BRUN_17375",0
"775","GRAFT_Albizia_rufa_Zollinger_80",0
"776","GRAFT_Albizia_sahafariensis_EK405",0
"777","GRAFT_Albizia_salomonensis_Whitmore_BSIP_4424",0
"778","GRAFT_Albizia_saponaria_Jobson_1041",0
"779","GRAFT_Albizia_schimperiana_Van_Wyk_BSA_2748",0
"780","GRAFT_Albizia_sherriffii_Grierson_4314",0
"781","BACKBONE_Albizia_sinaloensis_Hughes_1576_MWC41342",0
"782","BACKBONE_Albizia_subdimidiata_var_minor_Gorts_341_MWC41330",0
"783","GRAFT_Albizia_suluensis_OM1810",0
"784","GRAFT_Albizia_tanganyicensis_OM1972",0
"785","GRAFT_Albizia_tomentella_Leach_Dunlop_3801",0
"786","BACKBONE_Albizia_tomentosa_Hughes_648_MWC41341",0
"787","GRAFT_Albizia_tulearensis_Capuron_29107sf",0
"788","GRAFT_Albizia_vaughanii_Vaughan_10763",0
"789","GRAFT_Albizia_versicolor_OM560",0
"790","GRAFT_Albizia_vialeana_Larsen_32204",0
"791","GRAFT_Albizia_viridis_DuPuy_M251",0
"792","BACKBONE_Albizia_xerophytica_Hughes_1435_MWC41337",0
"793","GRAFT_Albizia_zygia_Wieringa_5915",0
"794","BACKBONE_Amblygonocarpus_andongensis_Sokpon_1451",0
"795","GRAFT_Anadenanthera_colubrina",0
"796","GRAFT_Anadenanthera_peregrina_AF521814",0
"797","BACKBONE_Archidendron_bubalinum_Latiff_and_Zainudin_ALM3503",0
"798","BACKBONE_Archidendron_clypearia_Wieringa_1849",0
"799","BACKBONE_Archidendron_ellipticum_subsp_ellipticum_Ariffin_Kalat_ARK_42",0
"800","BACKBONE_Archidendron_grandiflorum_Clarkson_6233",0
"801","BACKBONE_Archidendron_jiringa_Annable_3321",0
"802","BACKBONE_Archidendron_kanisii_Ford_and_Holmes_AF3669",0
"803","BACKBONE_Archidendron_lucidum_Wang_and_Lin_2534",0
"804","BACKBONE_Archidendron_ptenopum_Takeuchi_and_Ama_15334",0
"805","BACKBONE_Archidendron_quocense_Newman_2094",0
"806","BACKBONE_Archidendron_triplinervium_Church_et_al_1171",0
"807","BACKBONE_Archidendropsis_granulosa_McKee_38353",0
"808","BACKBONE_Archidendropsis_xanthoxylon_Hyland_9229",0
"809","BACKBONE_Aubrevillea_kerstingii_Nimba_Botanic_Team_JR957",0
"810","BACKBONE_Balizia_elegans_Iganci_870",0
"811","BACKBONE_Balizia_leucocalyx_Aguilar_1939",0
"812","BACKBONE_Balizia_pedicellaris_LPQ15529",0
"813","BACKBONE_Blanchetiodendron_blanchetii_LPQ15616",0
"814","GRAFT_Calliandra_aeschynomenoides",0
"815","GRAFT_Calliandra_angustifolia",0
"816","GRAFT_Calliandra_asplenioides",0
"817","GRAFT_Calliandra_bahiana",0
"818","GRAFT_Calliandra_belizensis",0
"819","GRAFT_Calliandra_bella",0
"820","GRAFT_Calliandra_biflora",0
"821","GRAFT_Calliandra_blanchetii",0
"822","GRAFT_Calliandra_brenesii",0
"823","GRAFT_Calliandra_brevicaulis",0
"824","GRAFT_Calliandra_brevipes",0
"825","GRAFT_Calliandra_caeciliae",0
"826","GRAFT_Calliandra_californica",0
"827","GRAFT_Calliandra_calycina",0
"828","GRAFT_Calliandra_chilensis",0
"829","GRAFT_Calliandra_coccinea",0
"830","GRAFT_Calliandra_coriacea",0
"831","GRAFT_Calliandra_crassipes",0
"832","GRAFT_Calliandra_cruegeri",0
"833","GRAFT_Calliandra_cumbucana",0
"834","GRAFT_Calliandra_debilis",0
"835","GRAFT_Calliandra_depauperata",0
"836","GRAFT_Calliandra_dysantha",0
"837","GRAFT_Calliandra_eriophylla",0
"838","GRAFT_Calliandra_erubescens",0
"839","GRAFT_Calliandra_fasciculata",0
"840","GRAFT_Calliandra_feioana",0
"841","GRAFT_Calliandra_glomerulata",0
"842","GRAFT_Calliandra_guildingii",0
"843","GRAFT_Calliandra_haematocephala",0
"844","GRAFT_Calliandra_haematomma",1
"845","GRAFT_Calliandra_harrisii",0
"846","GRAFT_Calliandra_hintonii",0
"847","GRAFT_Calliandra_hirsuta",0
"848","GRAFT_Calliandra_hirtiflora",0
"849","GRAFT_Calliandra_houstoniana",0
"850","GRAFT_Calliandra_humilis",0
"851","GRAFT_Calliandra_hygrophila",0
"852","GRAFT_Calliandra_iligna",0
"853","GRAFT_Calliandra_laevis",0
"854","GRAFT_Calliandra_lanata",0
"855","GRAFT_Calliandra_laxa",0
"856","GRAFT_Calliandra_leptopoda",0
"857","GRAFT_Calliandra_lintea",0
"858","GRAFT_Calliandra_longipes",0
"859","GRAFT_Calliandra_longipinna",0
"860","GRAFT_Calliandra_luetzelburgii",0
"861","GRAFT_Calliandra_macrocalyx",0
"862","GRAFT_Calliandra_magdalenae",0
"863","GRAFT_Calliandra_molinae",0
"864","GRAFT_Calliandra_mollissima",0
"865","GRAFT_Calliandra_mucugeana",0
"866","GRAFT_Calliandra_palmeri",0
"867","GRAFT_Calliandra_parviflora",0
"868","GRAFT_Calliandra_parvifolia",0
"869","GRAFT_Calliandra_pedicellata",1
"870","GRAFT_Calliandra_physocalyx",0
"871","GRAFT_Calliandra_pilgeriana",0
"872","GRAFT_Calliandra_pittieri",0
"873","GRAFT_Calliandra_purpurea",0
"874","GRAFT_Calliandra_renvoizeana",0
"875","GRAFT_Calliandra_rhodocephala",0
"876","GRAFT_Calliandra_riparia",0
"877","GRAFT_Calliandra_rubescens",0
"878","GRAFT_Calliandra_semisepulta",0
"879","GRAFT_Calliandra_sessilis",0
"880","GRAFT_Calliandra_silvicola",0
"881","GRAFT_Calliandra_sincorana",0
"882","GRAFT_Calliandra_spinosa",1
"883","GRAFT_Calliandra_surinamensis",0
"884","GRAFT_Calliandra_taxifolia",0
"885","GRAFT_Calliandra_tergemina",0
"886","GRAFT_Calliandra_trinervia",0
"887","GRAFT_Calliandra_tsugoides",0
"888","GRAFT_Calliandra_tumbeziana",0
"889","GRAFT_Calliandra_ulei",0
"890","GRAFT_Calliandra_umbellifera",0
"891","GRAFT_Calliandra_vaupesiana",0
"892","GRAFT_Calliandra_virgata",0
"893","GRAFT_Calliandra_viscidula",0
"894","BACKBONE_Calliandropsis_nervosus_MWC23501",0
"895","BACKBONE_Calpocalyx_dinklagei_Wieringa_6094",0
"896","BACKBONE_Calpocalyx_heitzii_van_Valkenburg_2877",0
"897","BACKBONE_Cedrelinga_cateniformis_TD_Pennington_17761",0
"898","BACKBONE_Chidlowia_sanguinea_Wieringa_4338",0
"899","BACKBONE_Chidlowia_sanguinea_Wieringa_4338",0
"900","BACKBONE_Chidlowia_sanguinea_Wieringa_4338",0
"901","BACKBONE_Chidlowia_sanguinea_Wieringa_4338",0
"902","BACKBONE_Chloroleucon_mangense_var_mangense_Lozano_1166_MWC41966",1
"903","BACKBONE_Chloroleucon_tenuiflorum_LPQ15514",1
"904","BACKBONE_Cojoba_arborea_MFS1545",0
"905","BACKBONE_Cojoba_filipes_Colella_1331",0
"906","BACKBONE_Cojoba_rufescens_MWC8249",0
"907","BACKBONE_Cojoba_zanonii_Zanoni_36337",0
"908","BACKBONE_Cylicodiscus_gabunensis_Sosef_645A",1
"909","GRAFT_Desmanthus_acuminatus_CEH2314",0
"910","GRAFT_Desmanthus_balsensis_FHO45_94_C5",0
"911","GRAFT_Desmanthus_illinoiensis_RNAseq",0
"912","GRAFT_Desmanthus_leptophyllus_CEH2035",0
"913","GRAFT_Desmanthus_virgatus_JRIW26551",0
"914","GRAFT_Dichrostachys_akataensis_EK410",0
"915","GRAFT_Dichrostachys_arborescens_Labat3553",0
"916","GRAFT_Dichrostachys_cinerea_OM256",1
"917","GRAFT_Dichrostachys_dehiscens_Miller1609613",1
"918","GRAFT_Dichrostachys_dumetaria_P00334028",0
"919","GRAFT_Dichrostachys_kirkii_Thulin4581",1
"920","GRAFT_Dichrostachys_paucifoliolata_4157",0
"921","GRAFT_Dichrostachys_richardiana_EK360",0
"922","GRAFT_Dichrostachys_scottiana_Phil3539",0
"923","GRAFT_Dichrostachys_tenuifolia_Labat3579",0
"924","GRAFT_Dichrostachys_unijuga_EK242",0
"925","GRAFT_Dichrostachys_venosa_ML4339",0
"926","BACKBONE_Ebenopsis_confinis_CEH1539",1
"927","BACKBONE_Elephantorrhiza_burkii_MvdB15",0
"928","BACKBONE_Elephantorrhiza_elephantina_KMS198",0
"929","BACKBONE_Entada_africana_van_de_Maesen_7144",0
"930","BACKBONE_Entada_arenaria_Bamps_8098",0
"931","BACKBONE_Entada_pervillei_EK302",0
"932","BACKBONE_Entada_polystachya_Amaral_Santos_3326",0
"933","BACKBONE_Entada_rheedei_EK496",0
"934","BACKBONE_Entada_tuberosa_EK417",0
"935","GRAFT_Enterolobium_barinense_Blanco_C157",0
"936","GRAFT_Enterolobium_barnebianum_Gorky_Villa_1775",0
"937","GRAFT_Enterolobium_contortisiliquum_LPQ15579",0
"938","GRAFT_Enterolobium_cyclocarpum",0
"939","GRAFT_Enterolobium_gummiferum_Harley_28284",0
"940","GRAFT_Enterolobium_maximum_Nascimento_34",0
"941","BACKBONE_Enterolobium_oldemanii_Bonadeu_706",0
"942","BACKBONE_Enterolobium_schomburgkii_Maguire_56534_MWC41969",0
"943","GRAFT_Faidherbia_ETS_ITS_trnL",1
"944","BACKBONE_Falcataria_moluccana_Ambri_and_Arifin_W826A",0
"945","BACKBONE_Fillaeopsis_discophora_Wieringa_5498",0
"946","GRAFT_Gagnebina_bakoliae",0
"947","GRAFT_Gagnebina_bernieriana",0
"948","GRAFT_Gagnebina_calcicola_Luckow4441",0
"949","GRAFT_Gagnebina_commersoniana_EK224",0
"950","GRAFT_Dichrostachys_myriophylla_EK301",0
"951","GRAFT_Dichrostachys_pervilleana_EK414",0
"952","GRAFT_Gagnebina_pterocarpa",0
"953","BACKBONE_Havardia_pallens_CEH2138",1
"954","BACKBONE_Hesperalbizia_occidentalis_CEH1296",0
"955","BACKBONE_Hydrochorea_corymbosa_1_Bonadeu_655",0
"956","BACKBONE_Hydrochorea_gonggrijpii_Tillett_45696_MWC41346",0
"957","BACKBONE_Hydrochorea_marginata_Morim_563",0
"958","BACKBONE_Indopiptadenia_oudhensis_Adhikari_Poulsen_and_Parmar_BAG31",1
"959","GRAFT_Inga_acreana",0
"960","GRAFT_Inga_acrocephala",0
"961","GRAFT_Inga_acuminata",0
"962","GRAFT_Inga_adenophylla",0
"963","GRAFT_Inga_affinis",0
"964","GRAFT_Inga_alata",0
"965","GRAFT_Inga_alba",0
"966","GRAFT_Inga_allenii",0
"967","GRAFT_Inga_aptera",0
"968","GRAFT_Inga_auristellae",0
"969","GRAFT_Inga_barbata",0
"970","GRAFT_Inga_bicoloriflora",0
"971","GRAFT_Inga_blanchetiana",0
"972","GRAFT_Inga_brachyrhachis",0
"973","GRAFT_Inga_brachystachys",0
"974","GRAFT_Inga_brevialata",0
"975","GRAFT_Inga_brevipes",0
"976","GRAFT_Inga_capitata35",0
"977","GRAFT_Inga_cayennensis",0
"978","GRAFT_Inga_chartacea",0
"979","GRAFT_Inga_chocoensis",0
"980","GRAFT_Inga_chrysantha",0
"981","GRAFT_Inga_ciliata",0
"982","GRAFT_Inga_cinnamomea",0
"983","GRAFT_Inga_cocleensis",0
"984","GRAFT_Inga_congesta",0
"985","GRAFT_Inga_cordatoalata",0
"986","GRAFT_Inga_cordistipula",0
"987","GRAFT_Inga_coruscans",0
"988","GRAFT_Inga_cylindrica",0
"989","GRAFT_Inga_densiflora",0
"990","GRAFT_Inga_edulis",0
"991","GRAFT_Inga_exfoliata",0
"992","GRAFT_Inga_fastuosa",0
"993","GRAFT_Inga_feuillei",0
"994","GRAFT_Inga_flagelliformis",0
"995","GRAFT_Inga_fosteriana",0
"996","GRAFT_Inga_globularis",0
"997","GRAFT_Inga_glomeriflora",0
"998","GRAFT_Inga_goldmanii",0
"999","GRAFT_Inga_golfodulcensis",0
"1000","GRAFT_Inga_gracilifolia",0
"1001","GRAFT_Inga_grandiflora",0
"1002","GRAFT_Inga_heterophylla",0
"1003","GRAFT_Inga_hispida",0
"1004","GRAFT_Inga_huberi",0
"1005","GRAFT_Inga_ilta",0
"1006","GRAFT_Inga_ingoides",0
"1007","GRAFT_Inga_jenmanii",0
"1008","GRAFT_Inga_jinicuil",0
"1009","GRAFT_Inga_lanceifolia",0
"1010","GRAFT_Inga_lateriflora",0
"1011","GRAFT_Inga_laurina",0
"1012","GRAFT_Inga_leiocalycina",0
"1013","GRAFT_Inga_lenticellata",0
"1014","GRAFT_Inga_lentiscifolia",0
"1015","GRAFT_Inga_leptantha",0
"1016","GRAFT_Inga_lineata",0
"1017","GRAFT_Inga_litoralis",0
"1018","GRAFT_Inga_lomatophylla",0
"1019","GRAFT_Inga_longiflora",0
"1020","GRAFT_Inga_longipedunculata",0
"1021","GRAFT_Inga_longipes",0
"1022","GRAFT_Inga_loubryana",0
"1023","GRAFT_Inga_luschnathiana",0
"1024","GRAFT_Inga_macrophylla",0
"1025","GRAFT_Inga_marginata",0
"1026","GRAFT_Inga_maritima",0
"1027","GRAFT_Inga_megaphylla",0
"1028","GRAFT_Inga_melinonis",0
"1029","GRAFT_Inga_microcoma",0
"1030","GRAFT_Inga_multinervis",0
"1031","GRAFT_Inga_nobilis",0
"1032","GRAFT_Inga_obidensis",0
"1033","GRAFT_Inga_oerstediana",0
"1034","GRAFT_Inga_ornata",0
"1035","GRAFT_Inga_paraensis",0
"1036","GRAFT_Inga_pauciflora",0
"1037","GRAFT_Inga_pezizifera",0
"1038","GRAFT_Inga_pilosula",0
"1039","GRAFT_Inga_pitmanii",0
"1040","GRAFT_Inga_platyptera",0
"1041","GRAFT_Inga_poeppigiana",0
"1042","GRAFT_Inga_porcata",0
"1043","GRAFT_Inga_pruriens",0
"1044","GRAFT_Inga_psittacorum",0
"1045","GRAFT_Inga_punctata",0
"1046","GRAFT_Inga_retinocarpa",0
"1047","GRAFT_Inga_rubiginosa",0
"1048","GRAFT_Inga_ruiziana",0
"1049","GRAFT_Inga_saltensis",0
"1050","GRAFT_Inga_sapindoides",0
"1051","GRAFT_Inga_schinifolia",0
"1052","GRAFT_Inga_sellowiana",0
"1053","GRAFT_Inga_sessilis",0
"1054","GRAFT_Inga_setosa",0
"1055","GRAFT_Inga_spectabilis",0
"1056","GRAFT_Inga_splendens",0
"1057","GRAFT_Inga_steinbachii",0
"1058","GRAFT_Inga_stenoptera",0
"1059","GRAFT_Inga_stipulacea",0
"1060","GRAFT_Inga_stipularis",0
"1061","GRAFT_Inga_striata",0
"1062","GRAFT_Inga_suaveolens",0
"1063","GRAFT_Inga_suberosa",0
"1064","GRAFT_Inga_subnuda",0
"1065","GRAFT_Inga_tenuicalyx",0
"1066","GRAFT_Inga_tenuis",0
"1067","GRAFT_Inga_tenuistipula",0
"1068","GRAFT_Inga_tessmannii",0
"1069","GRAFT_Inga_thibaudiana",0
"1070","GRAFT_Inga_tocacheana",0
"1071","GRAFT_Inga_tomentosa",0
"1072","GRAFT_Inga_tonduzii",0
"1073","GRAFT_Inga_ulei",0
"1074","GRAFT_Inga_umbellifera",0
"1075","GRAFT_Inga_umbratica",0
"1076","GRAFT_Inga_velutina",0
"1077","GRAFT_Inga_venusta",0
"1078","GRAFT_Inga_vera",0
"1079","GRAFT_Inga_virgultosa",0
"1080","GRAFT_Inga_vismiifolia",0
"1081","GRAFT_Inga_vulpina",0
"1082","GRAFT_Inga_yasuniana",0
"1083","BACKBONE_Jupunba_abbottii_Zanoni_21220",0
"1084","BACKBONE_Jupunba_asplenifolia_Ekman_6383",0
"1085","BACKBONE_Jupunba_barbouriana_JRI847",0
"1086","BACKBONE_Jupunba_brachystachya_HCL7438",0
"1087","BACKBONE_Jupunba_cochleata_Bonadeu_673",0
"1088","BACKBONE_Jupunba_filamentosa_HCL7487",0
"1089","BACKBONE_Jupunba_floribunda_Iganci_883",0
"1090","BACKBONE_Jupunba_idiopoda_Quesada_1718",0
"1091","BACKBONE_Jupunba_laeta_Mori_25147",0
"1092","BACKBONE_Jupunba_langsdorfii_Ribeiro_728",0
"1093","BACKBONE_Jupunba_leucophylla_Iganci_839",0
"1094","BACKBONE_Jupunba_longipedunculata_Cardona_2682",0
"1095","BACKBONE_Jupunba_macradenia_Lourteig_3021",0
"1096","BACKBONE_Jupunba_microcalyx_Iganci_855",0
"1097","BACKBONE_Jupunba_nipensis_Mayo_19662",0
"1098","BACKBONE_Jupunba_oppositifolia_Liegier_16014",0
"1099","BACKBONE_Jupunba_limae_Iganci_261",0
"1100","BACKBONE_Jupunba_trapezifolia_MFS1600",0
"1101","BACKBONE_Jupunba_villosa_Borges_423",0
"1102","GRAFT_Kanaloa_kahoolawensis_Lorence_7380",0
"1103","BACKBONE_Lachesiodendron_viridiflorum_LPQ15614",1
"1104","BACKBONE_Lemurodendron_capuronii_EK435",0
"1105","GRAFT_Leucaena_collinsii",0
"1106","GRAFT_Leucaena_confertiflora_adenotheloidia",0
"1107","GRAFT_Leucaena_cruziana",0
"1108","GRAFT_Leucaena_cuspidata",0
"1109","GRAFT_Leucaena_diversifolia",0
"1110","GRAFT_Leucaena_esculenta",0
"1111","GRAFT_Leucaena_greggii",0
"1112","GRAFT_Leucaena_involucrata",0
"1113","GRAFT_Leucaena_lanceolata_lanceolata",0
"1114","GRAFT_Leucaena_lempirana",0
"1115","GRAFT_Leucaena_macrophylla_macrophylla",0
"1116","GRAFT_Leucaena_magnifica",0
"1117","GRAFT_Leucaena_matudae",0
"1118","GRAFT_Leucaena_multicapitula",0
"1119","GRAFT_Leucaena_pallida",0
"1120","GRAFT_Leucaena_pueblana",0
"1121","GRAFT_Leucaena_pulverulenta",0
"1122","GRAFT_Leucaena_retusa",0
"1123","GRAFT_Leucaena_alvadorensis",0
"1124","GRAFT_Leucaena_shannonii",0
"1125","GRAFT_Leucaena_trichandra",0
"1126","GRAFT_Leucaena_trichodes",0
"1127","GRAFT_Leucaena_zacapana",0
"1128","GRAFT_Leucochloron_bolivianum_CEH2608",0
"1129","BACKBONE_Leucochloron_limae_MWC8250",0
"1130","BACKBONE_Lysiloma_candidum_BM300",0
"1131","BACKBONE_Macrosamanea_amplissima_Bonadeu_663",0
"1132","BACKBONE_Macrosamanea_discolor_Wurdack_42732_MWC41953",0
"1133","BACKBONE_Macrosamanea_duckei_MFS1646",0
"1134","BACKBONE_Macrosamanea_kegeliivost_1721",0
"1135","BACKBONE_Macrosamanea_prancei_da_Silva_183",0
"1136","BACKBONE_Macrosamanea_simabifolia_Iganci_881",0
"1137","BACKBONE_Macrosamanea_spruceana_Steyermark_87793",0
"1138","BACKBONE_Mariosousa_sericea_MWC18949",0
"1139","GRAFT_Microlobius_foetidus_Hugues2150_CEN422",0
"1140","GRAFT_Mimosa_acantholoba_acantholoba_RJE118",1
"1141","GRAFT_Mimosa_acantholoba_eurycarpa_SAMA28",1
"1142","GRAFT_Mimosa_acapulcensis_ROR2",1
"1143","GRAFT_Mimosa_acroconica_LMB651",1
"1144","GRAFT_Mimosa_aculeaticarpa_MFS808",1
"1145","GRAFT_Mimosa_acutistipula_acutistipula_JSS878",1
"1146","GRAFT_Mimosa_adamantina_adamantina_VFD459",0
"1147","GRAFT_Mimosa_adenantheroides_hystricosa_PT21201",1
"1148","GRAFT_Mimosa_adenocarpa_MFS728",1
"1149","GRAFT_Mimosa_adenotricha_LMB668",1
"1150","GRAFT_Mimosa_adpressa_MZ5",1
"1151","GRAFT_Mimosa_affinis_MFS814",1
"1152","GRAFT_Mimosa_aguapeia_MFS2326",0
"1153","GRAFT_Mimosa_albida_albida_CEH2083",1
"1154","GRAFT_Mimosa_albolanata_MFS667",0
"1155","GRAFT_Mimosa_amnis_atri_JSS976",0
"1156","GRAFT_Mimosa_andina_GPL2271",1
"1157","GRAFT_Mimosa_andringitrensis_Humbert13493",1
"1158","GRAFT_Mimosa_antrorsa_CWF1774",1
"1159","GRAFT_Mimosa_apodocarpa_MFS635",1
"1160","GRAFT_Mimosa_arenosa_arenosa_JSS987",1
"1161","GRAFT_Mimosa_aspera_MFS817",1
"1162","GRAFT_Mimosa_atlantica_OSR4333",1
"1163","GRAFT_Mimosa_auriculata_CEH2405",0
"1164","GRAFT_Mimosa_bahamensis_MJW132",1
"1165","GRAFT_Mimosa_barretoi_APSC975",0
"1166","GRAFT_Mimosa_bathyrrena_APSC1079",0
"1167","GRAFT_Mimosa_blanchetii_MFS688",0
"1168","GRAFT_Mimosa_boliviana_CEH2426",1
"1169","GRAFT_Mimosa_borealis_MFS873",1
"1170","GRAFT_Mimosa_brachycarpa_LPQ10589",1
"1171","GRAFT_Mimosa_brevipetiolata_hirtula_LPQ12614",1
"1172","GRAFT_Mimosa_burchellii_MFS2826",0
"1173","GRAFT_Mimosa_caduca_GPL2990",1
"1174","GRAFT_Mimosa_caerulea_EKJ330",1
"1175","GRAFT_Mimosa_caesalpiniifolia_JSS832",1
"1176","GRAFT_Mimosa_calcicola_MFS846",1
"1177","GRAFT_Mimosa_caliciadenia_LMB443",1
"1178","GRAFT_Mimosa_callithrix_MFS684",0
"1179","GRAFT_Mimosa_campicola_LSBJ354",1
"1180","GRAFT_Mimosa_camporum_SMF729",0
"1181","GRAFT_Mimosa_candollei_CEH2394",1
"1182","GRAFT_Mimosa_capuronii_P00547624",1
"1183","GRAFT_Mimosa_casta_CDJ2189",1
"1184","GRAFT_Mimosa_chiliomera_LMB648",0
"1185","GRAFT_Mimosa_chiquitanensis_JRIW23707",0
"1186","GRAFT_Mimosa_chochisensis_JRIW26515",0
"1187","GRAFT_Mimosa_chrysastra_APSC1227",0
"1188","GRAFT_Mimosa_chrysothrix_MFS1924",0
"1189","GRAFT_Mimosa_cisparanensis_MFS568",1
"1190","GRAFT_Mimosa_claussenii_LMB908",0
"1191","GRAFT_Mimosa_colombiana_AMT21343",1
"1192","GRAFT_Mimosa_coniflora_OSR3060",0
"1193","GRAFT_Mimosa_coruscocaesia_JSS1186",0
"1194","GRAFT_Mimosa_corynadenia_MS12896",1
"1195","GRAFT_Mimosa_costenya_MFS833",1
"1196","GRAFT_Mimosa_craspedisetosa_JRIW24488",1
"1197","GRAFT_Mimosa_cruenta_LPQ12575",1
"1198","GRAFT_Mimosa_crumenarioides_LSBJ215",1
"1199","GRAFT_Mimosa_ctenodes_CEH2212",1
"1200","GRAFT_Mimosa_cuiabensis_MFS2314",0
"1201","GRAFT_Mimosa_cyclophylla_MFS757",0
"1202","GRAFT_Mimosa_daleoides_APSC1080",0
"1203","GRAFT_Mimosa_dalyi_JRIW16487",0
"1204","GRAFT_Mimosa_deamii_AMB919",0
"1205","GRAFT_Mimosa_debilis_debilis_CEH2393",1
"1206","GRAFT_Mimosa_demissa_MM5128",0
"1207","GRAFT_Mimosa_depauperata_MFS801",1
"1208","GRAFT_Mimosa_detinens_SANCHEZ46",1
"1209","GRAFT_Mimosa_dicerastes_MFS448",1
"1210","GRAFT_Mimosa_dichroa_MLF6159",0
"1211","GRAFT_Mimosa_diminuta_LMB939",0
"1212","GRAFT_Mimosa_diplotricha_diplotricha_MFS600",1
"1213","GRAFT_Mimosa_discobola_MFS744",0
"1214","GRAFT_Mimosa_distachya_oligacantha_FK365",1
"1215","GRAFT_Mimosa_distans_MFS2462",0
"1216","GRAFT_Mimosa_diversipila_MM2026_DE",0
"1217","GRAFT_Mimosa_dominarum_MFS776",0
"1218","GRAFT_Mimosa_dominguensis_RCB18276",1
"1219","GRAFT_Mimosa_dormiens_MAG6841",1
"1220","GRAFT_Mimosa_dryandroides_LJ427",0
"1221","GRAFT_Mimosa_dumetaria_P00547620",1
"1222","GRAFT_Mimosa_dutrae_ND5",0
"1223","GRAFT_Mimosa_dysocarpa_DLP880026",1
"1224","GRAFT_Mimosa_echinocaula_MFS679",0
"1225","GRAFT_Mimosa_elliptica_SMF2624",1
"1226","GRAFT_Mimosa_emoryana_RG2842",1
"1227","GRAFT_Mimosa_ephedroides_DLP910487",0
"1228","GRAFT_Mimosa_ervendbergii_EM35132",1
"1229","GRAFT_Mimosa_fachinalensis_ND20",0
"1230","GRAFT_Mimosa_falcipinna_MM4980",0
"1231","GRAFT_Mimosa_farinosa_JRIW21535",1
"1232","GRAFT_Mimosa_fiebrigii_JSS912",0
"1233","GRAFT_Mimosa_filipes_LPQ10058",0
"1234","GRAFT_Mimosa_flabellifolia_LSBJ439",0
"1235","GRAFT_Mimosa_flagellaris_JRVI758",0
"1236","GRAFT_Mimosa_flavocaesia_MFS3193",0
"1237","GRAFT_Mimosa_flocculosa_CNPF",0
"1238","GRAFT_Mimosa_furfuracea_OSR3500",0
"1239","GRAFT_Mimosa_galleotti_MFS840",1
"1240","GRAFT_Mimosa_gatesiae_MFS741",0
"1241","GRAFT_Mimosa_gemmulata_gemmulata_JSS1200",0
"1242","GRAFT_Mimosa_glutinosa_JSS852",1
"1243","GRAFT_Mimosa_goldmanii_AMB921",0
"1244","GRAFT_Mimosa_grahamii_DLP880036",1
"1245","GRAFT_Mimosa_grandidieri_EK228",1
"1246","GRAFT_Mimosa_granitica_LMB553",1
"1247","GRAFT_Mimosa_guaranitica_JGN474",0
"1248","GRAFT_Mimosa_guatemalensis_MFS831",1
"1249","GRAFT_Mimosa_guilandinae_guilandinae_MFP3958",1
"1250","GRAFT_Mimosa_gymnas_JRVI722",1
"1251","GRAFT_Mimosa_haavoa_P00701838",1
"1252","GRAFT_Mimosa_hafomantsina_Lewis2138",1
"1253","GRAFT_Mimosa_hapaloclada_JSS1175",1
"1254","GRAFT_Mimosa_hatschbachii_EL4109",1
"1255","GRAFT_Mimosa_hebecarpa_JSS973",0
"1256","GRAFT_Mimosa_heringeri_CP2138",0
"1257","GRAFT_Mimosa_hexandra_MFS711",1
"1258","GRAFT_Mimosa_hildebrandtii_P00460575",0
"1259","GRAFT_Mimosa_himalayana_P02764346",1
"1260","GRAFT_Mimosa_hondurana_MFS858",1
"1261","GRAFT_Mimosa_honesta_MFS720",0
"1262","GRAFT_Mimosa_humivagans_MFS737",0
"1263","GRAFT_Mimosa_hypoglauca_hypoglauca_MFS723",0
"1264","GRAFT_Mimosa_ikondensis_P00460625",1
"1265","GRAFT_Mimosa_incana_JRVI674",0
"1266","GRAFT_Mimosa_incarum_RTP1630",1
"1267","GRAFT_Mimosa_insignis_JSS901",0
"1268","GRAFT_Mimosa_interrupta_LPQ10485",1
"1269","GRAFT_Mimosa_invisa_invisa_MFS715",1
"1270","GRAFT_Mimosa_involucrata_JRVI694",0
"1271","GRAFT_Mimosa_irrigua_MFS694",1
"1272","GRAFT_Mimosa_jacobita_CEH2400",0
"1273","GRAFT_Mimosa_jaenensis_TS3070",1
"1274","GRAFT_Mimosa_josephina_CEH2398",0
"1275","GRAFT_Mimosa_kalunga_MFS866",0
"1276","GRAFT_Mimosa_kitrokala_P00460628",1
"1277","GRAFT_Mimosa_kuhnisteroides_JMS3876",0
"1278","GRAFT_Mimosa_lacerata_CEH2057",1
"1279","GRAFT_Mimosa_lactiflua_CEH2079",1
"1280","GRAFT_Mimosa_lamolina_CEH2648",0
"1281","GRAFT_Mimosa_laniceps_MFS773",0
"1282","GRAFT_Mimosa_lanuginosa_lanuginosa_MFS732",0
"1283","GRAFT_Mimosa_laticifera_MFS599",1
"1284","GRAFT_Mimosa_latispinosa_EK269",1
"1285","GRAFT_Mimosa_leiocephala_LMB888",0
"1286","GRAFT_Mimosa_lepidophora_DC1747",0
"1287","GRAFT_Mimosa_lepidorepens_APSC1125",0
"1288","GRAFT_Mimosa_lepidota_JRIW14443",0
"1289","GRAFT_Mimosa_leprosa_parviceps_VFD358",0
"1290","GRAFT_Mimosa_lepthantha_JGN471",0
"1291","GRAFT_Mimosa_leptocarpa_LR1014",1
"1292","GRAFT_Mimosa_leucaenoides_SAMA8",0
"1293","GRAFT_Mimosa_lewisii_JSS989",1
"1294","GRAFT_Mimosa_lingvatouana_EK355",1
"1295","GRAFT_Mimosa_lithoreas_LMB629",0
"1296","GRAFT_Mimosa_longepedunculata_LMB915",0
"1297","GRAFT_Mimosa_longipes_MFS2467",0
"1298","GRAFT_Mimosa_loxensis_RJE100",1
"1299","GRAFT_Mimosa_luisana_MFS844",1
"1300","GRAFT_Mimosa_macedoana_APSC1214",0
"1301","GRAFT_Mimosa_macrocephala_MFS2475",0
"1302","GRAFT_Mimosa_maguirei_LMB466",0
"1303","GRAFT_Mimosa_malacophylla_SLCR530",1
"1304","GRAFT_Mimosa_manidea_MFS760",0
"1305","GRAFT_Mimosa_manomboensis_Labat3628",1
"1306","GRAFT_Mimosa_maracayuensis_LSBJ410",0
"1307","GRAFT_Mimosa_menabeensis_SF12565",1
"1308","GRAFT_Mimosa_mensicola_LPQ4289",1
"1309","GRAFT_Mimosa_micropteris_MM2124",1
"1310","GRAFT_Mimosa_minarum_JGN495",1
"1311","GRAFT_Mimosa_minutifolia_MFS810",1
"1312","GRAFT_Mimosa_misera_MFS703",1
"1313","GRAFT_Mimosa_modesta_modesta_MFS708",1
"1314","GRAFT_Mimosa_mollis_MFS850",1
"1315","GRAFT_Mimosa_monacensis_MFS2780",1
"1316","GRAFT_Mimosa_monancistra_MFS809",1
"1317","GRAFT_Mimosa_montiscarasae_VFD623",0
"1318","GRAFT_Mimosa_morroensis_JGN244",0
"1319","GRAFT_Mimosa_mossambicensis_Brummitt8896",1
"1320","GRAFT_Mimosa_multiceps_LSBJ419",0
"1321","GRAFT_Mimosa_myriadenia_punctulata_PAR7483",1
"1322","GRAFT_Mimosa_myriophylla_JRVI681",0
"1323","GRAFT_Mimosa_nanchititlana_RG2938",1
"1324","GRAFT_Mimosa_neonitens_LMB1027",0
"1325","GRAFT_Mimosa_neptunioides_JRIW22123",0
"1326","GRAFT_Mimosa_niederleinii_APSC1100",0
"1327","GRAFT_Mimosa_nitens_RQ1474",0
"1328","GRAFT_Mimosa_nossibiensis_DuPuyM899",1
"1329","GRAFT_Mimosa_nothacacia_GPL3291",1
"1330","GRAFT_Mimosa_nothopteris_JPS5204",1
"1331","GRAFT_Mimosa_nuda_nuda_CEH2396",1
"1332","GRAFT_Mimosa_nuttallii_MFS875",1
"1333","GRAFT_Mimosa_oblonga_oblonga_EB463",1
"1334","GRAFT_Mimosa_occidentalis_occidentalis_MFS821",1
"1335","GRAFT_Mimosa_oedoclada_LMB560",0
"1336","GRAFT_Mimosa_oligosperma_LMB942",0
"1337","GRAFT_Mimosa_onilahensis_P030062",1
"1338","GRAFT_Mimosa_ophthalmocentra_JSS1201",1
"1339","GRAFT_Mimosa_orbignyana_LMB787",0
"1340","GRAFT_Mimosa_orthacantha_JCB_SN",1
"1341","GRAFT_Mimosa_orthocarpa_MFS855",1
"1342","GRAFT_Mimosa_pabstiana_ACS6809",1
"1343","GRAFT_Mimosa_pachycarpoides_LMB839",0
"1344","GRAFT_Mimosa_palmeri_MFS823",1
"1345","GRAFT_Mimosa_palmetorum_DMN1581",1
"1346","GRAFT_Mimosa_paludosa_MFS725",1
"1347","GRAFT_Mimosa_paraibana_MFS2813",1
"1348","GRAFT_Mimosa_parviceps_VFD437",0
"1349","GRAFT_Mimosa_parvipinna_JRVI756",0
"1350","GRAFT_Mimosa_paucifolia_VFD450",0
"1351","GRAFT_Mimosa_pectinatipinna_RTP806",1
"1352","GRAFT_Mimosa_pedersenii_LPQ12645",0
"1353","GRAFT_Mimosa_perdusenii_OSR4545",0
"1354","GRAFT_Mimosa_phyllodinea_LSBJ394",0
"1355","GRAFT_Mimosa_pilulifera_JRVI676",0
"1356","GRAFT_Mimosa_piresii_RDR1200",0
"1357","GRAFT_Mimosa_pithecolobioides_VFD317",0
"1358","GRAFT_Mimosa_planitei_LN1875",1
"1359","GRAFT_Mimosa_poculata_LPQ10160",0
"1360","GRAFT_Mimosa_polyantha_MFS829",1
"1361","GRAFT_Mimosa_polydactyla_LC8652",1
"1362","GRAFT_Mimosa_polydidyma_MFS719",0
"1363","GRAFT_Mimosa_procurrens_MFS1804",0
"1364","GRAFT_Mimosa_prorepens_LMB504",0
"1365","GRAFT_Mimosa_pseudocallosa_OSR5845",0
"1366","GRAFT_Mimosa_pseudoradula_pseudoradula_MFS664",0
"1367","GRAFT_Mimosa_pseudosepiaria_MFS712",1
"1368","GRAFT_Mimosa_psilocarpa_AMB933",0
"1369","GRAFT_Mimosa_psoralea_P02972480",1
"1370","GRAFT_Mimosa_pteridifolia_JSS1178",0
"1371","GRAFT_Mimosa_purpusii_MFS841",1
"1372","GRAFT_Mimosa_pyrenea_MFS678",0
"1373","GRAFT_Mimosa_quadrivalvis_quadrivalvis_SLCR532",1
"1374","GRAFT_Mimosa_quitensis_COR5760",1
"1375","GRAFT_Mimosa_radula_imbricata_MFS731",0
"1376","GRAFT_Mimosa_ramboi_LPQ12530",1
"1377","GRAFT_Mimosa_ramosissima_JRVI696",1
"1378","GRAFT_Mimosa_ramulosa_LPQ12340",1
"1379","GRAFT_Mimosa_rastrera_MRZ1971",0
"1380","GRAFT_Mimosa_rava_MFS2658",0
"1381","GRAFT_Mimosa_reduviosa_TBC3846",0
"1382","GRAFT_Mimosa_regina_MFS759",0
"1383","GRAFT_Mimosa_regnellii_MM2118",0
"1384","GRAFT_Mimosa_revoluta_CEH2278",1
"1385","GRAFT_Mimosa_rheiptera_LMB914",0
"1386","GRAFT_Mimosa_benthami_MFS848",1
"1387","GRAFT_Mimosa_rhodostegia_MLF590",0
"1388","GRAFT_Mimosa_riedelii_LMB837",0
"1389","GRAFT_Mimosa_robusta_MFS818",1
"1390","GRAFT_Mimosa_rokatavensis_P00460668",1
"1391","GRAFT_Mimosa_rubicaulis_Williams8191",1
"1392","GRAFT_Mimosa_rufescens_rufescens_GCF596",1
"1393","GRAFT_Mimosa_rufipila_MFS1811",0
"1394","GRAFT_Mimosa_rupertiana_RB12884",1
"1395","GRAFT_Mimosa_rusbyana_TS2071",1
"1396","GRAFT_Mimosa_sanguinolenta_JRVI757",0
"1397","GRAFT_Mimosa_savokaea_P00460670",1
"1398","GRAFT_Mimosa_scabrella_HCL4055",0
"1399","GRAFT_Mimosa_schleidenii_LPQ12348",0
"1400","GRAFT_Mimosa_schomburgkii_MFS1662",0
"1401","GRAFT_Mimosa_selloi_LSBJ430",1
"1402","GRAFT_Mimosa_sensitiva_sensitiva_DA4",1
"1403","GRAFT_Mimosa_sericantha_JSS1127",0
"1404","GRAFT_Mimosa_setosa_LMB1008",1
"1405","GRAFT_Mimosa_setosissima_LMB960",0
"1406","GRAFT_Mimosa_setuligera_MFS709",0
"1407","GRAFT_Mimosa_sicyocarpa_JC4936",1
"1408","GRAFT_Mimosa_sinaloensis_MFS828",1
"1409","GRAFT_Mimosa_skinneri_desmodioides_MFS746",1
"1410","GRAFT_Mimosa_sobralii_A17",0
"1411","GRAFT_Mimosa_somnambulans_MFS2450",0
"1412","GRAFT_Mimosa_sousae_AMB918",0
"1413","GRAFT_Mimosa_sparsiformis_ND15",1
"1414","GRAFT_Mimosa_speciosissima_MFS753",0
"1415","GRAFT_Mimosa_spirocarpa_MFS825",1
"1416","GRAFT_Mimosa_spixiana_JSS1145",0
"1417","GRAFT_Mimosa_splendida_MFS739",0
"1418","GRAFT_Mimosa_sprengellii_LPQ12469",1
"1419","GRAFT_Mimosa_strigillosa_DLP900513",1
"1420","GRAFT_Mimosa_strobiliflora_OSR3600",0
"1421","GRAFT_Mimosa_stylosa_VFD318",0
"1422","GRAFT_Mimosa_subenervis_LSBJ336",0
"1423","GRAFT_Mimosa_suberosa_LMB782",0
"1424","GRAFT_Mimosa_suburbana_LSBJ393",1
"1425","GRAFT_Mimosa_suffruticosa_Labat3549",1
"1426","GRAFT_Mimosa_supravisa_LSBJ442",1
"1427","GRAFT_Mimosa_taimbensis_APSC1221",0
"1428","GRAFT_Mimosa_tejupilcana_SAMA16",1
"1429","GRAFT_Mimosa_tenuiflora_MFS698",1
"1430","GRAFT_Mimosa_tequilana_MFS813",1
"1431","GRAFT_Mimosa_texana_texana_MFS803",1
"1432","GRAFT_Mimosa_thomista_MB2768",0
"1433","GRAFT_Mimosa_tocantina_MFS864",0
"1434","GRAFT_Mimosa_torresiae_RTC10040",0
"1435","GRAFT_Mimosa_townsendii_GPL2914",1
"1436","GRAFT_Mimosa_trianae_DOA_SN",0
"1437","GRAFT_Mimosa_ulbrichiana_MFS710",0
"1438","GRAFT_Mimosa_uliginosa_LPQ12608",1
"1439","GRAFT_Mimosa_uncinata_P00367680",1
"1440","GRAFT_Mimosa_unipinnata_MAC2355",1
"1441","GRAFT_Mimosa_uraguensis_MFS862",1
"1442","GRAFT_Mimosa_ursina_MFS704",1
"1443","GRAFT_Mimosa_urticaria_APSC1077",0
"1444","GRAFT_Mimosa_velloziana_velloziana_MFS721",1
"1445","GRAFT_Mimosa_venatorum_MFS740",0
"1446","GRAFT_Mimosa_verecunda_MFS749",1
"1447","GRAFT_Mimosa_verrucosa_JSS827",0
"1448","GRAFT_Mimosa_vestita_MFS769",0
"1449","GRAFT_Mimosa_vilersii_Labat3020",1
"1450","GRAFT_Mimosa_viperina_LMB940",0
"1451","GRAFT_Mimosa_virgula_MAS5134",0
"1452","GRAFT_Mimosa_volubilis_EK407",1
"1453","GRAFT_Mimosa_waterlotii_Rakotomalale52",0
"1454","GRAFT_Mimosa_watsonii_MFS857",1
"1455","GRAFT_Mimosa_weberbaueri_CEH2043",1
"1456","GRAFT_Mimosa_weddelliana_NR4657",1
"1457","GRAFT_Mimosa_woodii_CEH2285",1
"1458","GRAFT_Mimosa_xiquexiquensis_RMH54331",1
"1459","GRAFT_Mimosa_zygophylla_SLCR525",1
"1460","BACKBONE_Mimozyganthus_carinatus_CEH2476",1
"1461","BACKBONE_Neptunia_oleracea_EK283",0
"1462","BACKBONE_Newtonia_hildebrandtii_OM2457",0
"1463","BACKBONE_Painteria_elachistophylla_Guzman_Cruz_UG2169",1
"1464","BACKBONE_Painteria_leptophylla_Tenorio_and_Manriquez_4067",1
"1465","GRAFT_Parapiptadenia_excelsa_Hugues2425_CEN431",0
"1466","GRAFT_Parapiptadenia_pterosperma_gb_trnLF",0
"1467","GRAFT_Parapiptadenia_rigida_gb_trnLF",0
"1468","GRAFT_Parapiptadenia_zehntneri_PereiraSilva3102_CEN585",0
"1469","BACKBONE_Pararchidendron_pruinosum_Jobson_1039",0
"1470","BACKBONE_Senegalia_visco_Fortunato_7645",0
"1471","BACKBONE_Paraserianthes_lophantha_MSB125309",0
"1472","GRAFT_Parkia_bahiae_isolate_160044796_KY046204",0
"1473","GRAFT_Parkia_biglobosa_isolate_160044936_KY046215",0
"1474","GRAFT_Parkia_decussata_isolate_150038563_KY118189",0
"1475","GRAFT_Parkia_discolor_isolate_140035248_KY045957",0
"1476","GRAFT_Parkia_leiophylla_isolate_160044806_KY046207",0
"1477","GRAFT_Parkia_madagascariensis_isolate_160044807_KY046208",0
"1478","GRAFT_Parkia_multijuga_isolate_160044808_KY046209",0
"1479","GRAFT_Parkia_nitida_isolate_160044809_KY046210",0
"1480","GRAFT_Parkia_panurensis_isolate_160044810_KY046211",0
"1481","GRAFT_Parkia_pendula_isolate_150038565_KY046083",0
"1482","GRAFT_Parkia_platycephala_isolate_140035249_KY045958",0
"1483","GRAFT_Parkia_speciosa",0
"1484","GRAFT_Parkia_sumatrana_isolate_160044818_KY046214",0
"1485","GRAFT_Parkia_timoriana",0
"1486","GRAFT_Parkia_ulei_isolate_150038179_KY046045",0
"1487","GRAFT_Parkia_velutina_isolate_150038566_KY046084",0
"1488","BACKBONE_Pentaclethra_macroloba_Boyle_6720_MWC41965",0
"1489","BACKBONE_Pentaclethra_macrophylla_Galeuchet",0
"1490","GRAFT_Piptadenia_adiantoides_Simon726_CEN488",1
"1491","GRAFT_Piptadenia_buchtienii",1
"1492","GRAFT_Piptadenia_flava",1
"1493","GRAFT_Piptadenia_floribunda",1
"1494","GRAFT_Piptadenia_irwinii",1
"1495","GRAFT_Piptadenia_macradenia",1
"1496","GRAFT_Piptadenia_paniculata",1
"1497","GRAFT_Piptadenia_pteroclada",1
"1498","GRAFT_Piptadenia_robusta",1
"1499","BACKBONE_Piptadeniastrum_africanum_EK152",0
"1500","BACKBONE_Piptadeniopsis_lomentifera_ML4505",1
"1501","BACKBONE_Pithecellobium_dulce_BM309",1
"1502","BACKBONE_Pithecellobium_excelsum_CEH3101",1
"1503","BACKBONE_Pithecellobium_hymenaeifolium_Arvigo_216",1
"1504","BACKBONE_Pithecellobium_keyense_MWC8958",0
"1505","BACKBONE_Pithecellobium_macrandium_Aguilar_1894",1
"1506","GRAFT_Pityrocarpa_leucoxylon",0
"1507","GRAFT_Pityrocarpa_moniliformis_Way2449_CEN521",0
"1508","GRAFT_Pityrocarpa_obliqua_Macqueen439_CEN437",0
"1509","BACKBONE_Plathymenia_reticulata_LPQ15688",0
"1510","BACKBONE_Prosopidastrum_globosum_MLsn",0
"1511","BACKBONE_Prosopis_africana_Essou_2110",0
"1512","BACKBONE_Prosopis_argentina_Guaglianone_1338",1
"1513","BACKBONE_Prosopis_cineraria_Hafisullah_and_Dilawar_266",1
"1514","BACKBONE_Prosopis_farcta_Kerimov_31",1
"1515","BACKBONE_Prosopis_ferox_CEH2618",1
"1516","BACKBONE_Prosopis_juliflora_C67",1
"1517","BACKBONE_Prosopis_kuntzei_CEH2458",1
"1518","BACKBONE_Prosopis_laevigata_CEH2058",1
"1519","BACKBONE_Prosopis_ruscifolia_Fortunato_6773",1
"1520","BACKBONE_Prosopis_strombulifera_Kiesling_4828",1
"1521","GRAFT_Pseudopiptadenia_bahiana_Coradin8580_CEN997",0
"1522","GRAFT_Pseudopiptadenia_brenanii_Borges680_CEN654",0
"1523","GRAFT_Pseudopiptadenia_contorta_Queiroz15507_CEN999",0
"1524","GRAFT_Pseudopiptadenia_psilostachya_Simon1245_CEN581",0
"1525","BACKBONE_Pseudoprosopis_euryphylla_MWC41926",0
"1526","BACKBONE_Pseudoprosopis_gilletii_Wieringa_6021",0
"1527","BACKBONE_Pseudoprosopis_sericea_Jongkind_9513",0
"1528","BACKBONE_Pseudosamanea_cubensis_Leon_12095",0
"1529","BACKBONE_Pseudosamanea_guachapele_CEH1198",0
"1530","BACKBONE_Pseudosenegalia_feddeana_MA1146",0
"1531","BACKBONE_Punjuba_killipii_Palodorios_6252",0
"1532","BACKBONE_Punjuba_lehmannii_Escobar_7465",0
"1533","BACKBONE_Punjuba_racemiflora_Jimenez_and_Soares_3626",0
"1534","BACKBONE_Samanea_saman_CEH421",0
"1535","GRAFT_Sanjappa_cynometroides",1
"1536","GRAFT_Schleinitzia_insularum_MWC8390",0
"1537","GRAFT_Schleinitzia_megaladenia_Piamos_Tidano_46708",0
"1538","GRAFT_Schleinitzia_novoguineensis_Chaplin_57_84",0
"1539","GRAFT_Senegalia_adenocalyx",1
"1540","GRAFT_Senegalia_alemquerensis_569",1
"1541","GRAFT_Senegalia_ataxacantha",1
"1542","GRAFT_Senegalia_bahiensis_657",1
"1543","GRAFT_Senegalia_berlandieri_263",1
"1544","GRAFT_Senegalia_brevispica",1
"1545","GRAFT_Senegalia_burkeii",1
"1546","GRAFT_Senegalia_chariessa",1
"1547","GRAFT_Senegalia_condyloclada",1
"1548","GRAFT_Senegalia_dudgeonii",1
"1549","GRAFT_Senegalia_emoryana_1376",0
"1550","GRAFT_Senegalia_eriocarpa",1
"1551","GRAFT_Senegalia_erubescens",1
"1552","GRAFT_Senegalia_fleckii",1
"1553","GRAFT_Senegalia_galpinii",1
"1554","GRAFT_Senegalia_gaumeri",1
"1555","GRAFT_Senegalia_giganticarpa_649",1
"1556","GRAFT_Senegalia_furcatispina",1
"1557","GRAFT_Senegalia_globosa_521",1
"1558","GRAFT_Senegalia_goetzii_goetzii",1
"1559","GRAFT_Senegalia_grandistipula_614",1
"1560","GRAFT_Senegalia_greggii_1320",1
"1561","GRAFT_Senegalia_hamulosa",1
"1562","GRAFT_Senegalia_hereroensis",1
"1563","GRAFT_Senegalia_hildebrandtii_MWC44628",1
"1564","GRAFT_Senegalia_interior_1701",1
"1565","GRAFT_Senegalia_kallunkiae_15503",1
"1566","GRAFT_Senegalia_kraussiana",1
"1567","GRAFT_Senegalia_lacerans_611",1
"1568","GRAFT_Senegalia_langsdorffii_15617",1
"1569","GRAFT_Senegalia_lasiophylla_511",1
"1570","GRAFT_Senegalia_macrostachya",1
"1571","GRAFT_Senegalia_mellifera_subsp_mellifera",1
"1572","GRAFT_Senegalia_menabeensis_MWC44630",1
"1573","GRAFT_Senegalia_modesta",1
"1574","GRAFT_Senegalia_montis_usti",1
"1575","GRAFT_Senegalia_multipinnata_548",1
"1576","GRAFT_Senegalia_nigrescens",1
"1577","GRAFT_Senegalia_occidentalis",1
"1578","GRAFT_Senegalia_ogadensis",1
"1579","GRAFT_Senegalia_paganuccii_518",1
"1580","GRAFT_Senegalia_paraensis_15520",1
"1581","GRAFT_Senegalia_parviceps_576",1
"1582","GRAFT_Senegalia_pentagona_MWC44632",1
"1583","GRAFT_Senegalia_picachensis_1307",1
"1584","GRAFT_Senegalia_polhillii_MWC44633",1
"1585","GRAFT_Senegalia_polyacantha",1
"1586","GRAFT_Senegalia_rhytidocarpa_605",1
"1587","GRAFT_Senegalia_riparia_1324",1
"1588","GRAFT_Senegalia_robysianna",1
"1589","GRAFT_Senegalia_roemeriana",1
"1590","GRAFT_Senegalia_rostrata_562",1
"1591","GRAFT_Senegalia_sakalava_MWC44634",1
"1592","GRAFT_Senegalia_schweinfurthii",1
"1593","GRAFT_Senegalia_senegal_var_rostrata",1
"1594","GRAFT_Senegalia_serra_506",1
"1595","GRAFT_Senegalia_somalensis",1
"1596","GRAFT_Senegalia_tenuifolia_643",1
"1597","GRAFT_Senegalia_tucumanensis_601",1
"1598","GRAFT_Senegalia_welwitschii_subsp_delagoensis",1
"1599","GRAFT_Senegalia_wrightii",1
"1600","GRAFT_Senegalia_zizyphispina",1
"1601","BACKBONE_Serianthes_calycina_Barrabe_1158_Laure",0
"1602","BACKBONE_Serianthes_nelsonii_Moore_1241",0
"1603","BACKBONE_Sphinga_acatlensis_CEH2112",1
"1604","GRAFT_Stryphnodendron_adstringens_VRS9_CEN599",0
"1605","GRAFT_Stryphnodendron_coriaceum_VRS21_CEN611",0
"1606","GRAFT_Stryphnodendron_cristalinae_VRS35_CEN623",0
"1607","GRAFT_Stryphnodendron_duckeanum_Simon1343_CEN582",0
"1608","GRAFT_Stryphnodendron_fissuratum_VRS19_CEN609",0
"1609","GRAFT_Stryphnodendron_foreroi_Simon1652A_CEN584",0
"1610","GRAFT_Stryphnodendron_gracile_VRS39_CEN625",0
"1611","GRAFT_Stryphnodendron_guianense_VRS15_CEN605",0
"1612","GRAFT_Stryphnodendron_heringeri_VRS34_CEN622",0
"1613","GRAFT_Stryphnodendron_microstachys",0
"1614","GRAFT_Stryphnodendron_moricolor",0
"1615","GRAFT_Stryphnodendron_occhionianum_Simon1597_CEN583",0
"1616","GRAFT_Stryphnodendron_paniculatum_VRS18_CEN608",0
"1617","GRAFT_Stryphnodendron_polyphyllum_VRS8_CEN598",0
"1618","GRAFT_Stryphnodendron_polystachyum_gb_trnLF",0
"1619","GRAFT_Stryphnodendron_porcatum_gb",0
"1620","GRAFT_Stryphnodendron_pulcherrimum_VRS13_CEN603",0
"1621","GRAFT_Stryphnodendron_pumilum_VRS38_CEN624",0
"1622","GRAFT_Stryphnodendron_racemiferum_VRS17_CEN607",0
"1623","GRAFT_Stryphnodendron_roseiflorum_VRS16_CEN606",0
"1624","BACKBONE_Sympetalandra_schmutzii_Schmutz_3764",0
"1625","BACKBONE_Sympetalandra_unijugum_Sidiyasa_1320",0
"1626","BACKBONE_Tetrapleura_tetraptera_EK155",0
"1627","GRAFT_Thailentadopsis_nitida",1
"1628","GRAFT_Thailentadopsis_tenuis",1
"1629","GRAFT_Vachellia_amythethophylla",1
"1630","GRAFT_Vachellia_anegadensis",1
"1631","GRAFT_Vachellia_arenaria",1
"1632","GRAFT_Vachellia_bellula_MWC44627",1
"1633","GRAFT_Vachellia_bidwillii_AQ555372",1
"1634","GRAFT_Vachellia_borlea",1
"1635","GRAFT_Vachellia_campechiana",1
"1636","GRAFT_Vachellia_caven",1
"1637","GRAFT_Vachellia_choriophylla",0
"1638","GRAFT_Vachellia_clarksoniana_AQ907745",1
"1639","GRAFT_Vachellia_collinsii",1
"1640","GRAFT_Vachellia_constricta",1
"1641","GRAFT_Vachellia_cornigera3",1
"1642","GRAFT_Vachellia_davyi",1
"1643","GRAFT_Vachellia_ditricha_AQ612478",1
"1644","GRAFT_Vachellia_douglasica_AQ825443",1
"1645","GRAFT_Vachellia_erioloba",1
"1646","GRAFT_Vachellia_exuvialis",1
"1647","GRAFT_Vachellia_farnesiana",1
"1648","GRAFT_Vachellia_gerrardii",1
"1649","GRAFT_Vachellia_grandicornuta",1
"1650","GRAFT_Vachellia_haematoxylon",1
"1651","GRAFT_Vachellia_hockii",1
"1652","GRAFT_Vachellia_karroo",1
"1653","GRAFT_Vachellia_kirkii",1
"1654","GRAFT_Vachellia_kosiensis",1
"1655","GRAFT_Vachellia_luederetzii_var_retinens",1
"1656","GRAFT_Vachellia_macracantha",1
"1657","GRAFT_Vachellia_myrmecophila_MWC44631",1
"1658","GRAFT_Vachellia_nebrownii",1
"1659","GRAFT_Vachellia_nilotica_subsp_tomentosa",1
"1660","GRAFT_Vachellia_ormocarpoides",1
"1661","GRAFT_Vachellia_oveidensis",1
"1662","GRAFT_Vachellia_pachyphloia_AQ481803",1
"1663","GRAFT_Vachellia_pennatula",1
"1664","GRAFT_Vachellia_permixta",1
"1665","GRAFT_Vachellia_reficiens",1
"1666","GRAFT_Vachellia_rhemaniana",1
"1667","GRAFT_Vachellia_robusta_subsp_clavigera",1
"1668","GRAFT_Vachellia_schottii",1
"1669","GRAFT_Vachellia_sekhukhuniensis",1
"1670","GRAFT_Vachellia_sieberiana_var_woodii",1
"1671","GRAFT_Vachellia_sthulmannii",1
"1672","GRAFT_Vachellia_suberosa_AQ734737",1
"1673","GRAFT_Vachellia_swazica",1
"1674","GRAFT_Vachellia_torrei",1
"1675","GRAFT_Vachellia_tortilis_var_tortilis",1
"1676","GRAFT_Vachellia_valida_AQ511469",1
"1677","GRAFT_Vachellia_vernicosa",1
"1678","GRAFT_Vachellia_xanthophloea",1
"1679","GRAFT_Viguieranthus_ambongensis",0
"1680","GRAFT_Viguieranthus_densinervus",0
"1681","GRAFT_Viguieranthus_glaber",0
"1682","GRAFT_Viguieranthus_kony",0
"1683","GRAFT_Viguieranthus_megalophyllus",0
"1684","GRAFT_Viguieranthus_subauriculatus",0
"1685","BACKBONE_Wallaceodendron_celebicum_Tim_Flynn_7173",0
"1686","BACKBONE_Xerocladia_viridiramis_Kolberg_and_Tholkes_HK2493",1
"1687","BACKBONE_Xylia_evansii_Jongkind_9064",0
"1688","BACKBONE_Xylia_hoffmannii_EK402",0
"1689","BACKBONE_Xylia_torreana_RBN171",0
"1690","GRAFT_Zapoteca_aculeata_K1",1
"1691","GRAFT_Zapoteca_alinae_K3",0
"1692","GRAFT_Zapoteca_amazonica_K30",0
"1693","GRAFT_Zapoteca_costaricensis_513",0
"1694","GRAFT_Zapoteca_filipes_isolate_FS05",0
"1695","GRAFT_Zapoteca_formosa_isolate_FS5607",0
"1696","GRAFT_Zapoteca_formosa_subsp_schottii_K19",0
"1697","GRAFT_Zapoteca_formosa_subsp_gracilis_K39",0
"1698","GRAFT_Zapoteca_lambertiana_K21",0
"1699","GRAFT_Zapoteca_media_K23",0
"1700","GRAFT_Zapoteca_mollis_K25",0
"1701","GRAFT_Zapoteca_nervosa_K40",0
"1702","GRAFT_Zapoteca_portoricensis_subsp_portoricensis_K42",0
"1703","GRAFT_Zapoteca_ravenii_K28",0
"1704","GRAFT_Zapoteca_scuttelifera_K29",0
"1705","GRAFT_Zapoteca_sousae_isolate_FS5613",0
"1706","GRAFT_Zapoteca_tehuana_339",0
"1707","GRAFT_Zapoteca_tetragona_isolate_FS5614",0
"1708","GRAFT_Zygia_basijuga_J3",0
"1709","GRAFT_Zygia_biflora_J82",0
"1710","GRAFT_Zygia_bisingula_J95",0
"1711","GRAFT_Zygia_brenesii_J77",0
"1712","GRAFT_Zygia_cataractae_J67",0
"1713","GRAFT_Zygia_claviflora_J68",0
"1714","GRAFT_Zygia_coccinea_J18",0
"1715","GRAFT_Zygia_collina_J53",0
"1716","GRAFT_Zygia_confusa_J81",0
"1717","GRAFT_Zygia_conzattii_J76",0
"1718","GRAFT_Zygia_cupirensis_J99",0
"1719","GRAFT_Zygia_dissitiflora_J101",0
"1720","GRAFT_Zygia_heteroneura_J4",0
"1721","GRAFT_Zygia_inaequalis_J103",0
"1722","GRAFT_Zygia_inundata_Poncy_361",0
"1723","GRAFT_Zygia_juruana_J75",0
"1724","GRAFT_Zygia_lathetica_J12",0
"1725","GRAFT_Zygia_latifolia_var_communis_J66",0
"1726","GRAFT_Zygia_latifolia_var_controversa_J30",0
"1727","GRAFT_Zygia_latifolia_var_latifolia_J70",0
"1728","GRAFT_Zygia_longifolia_J5",0
"1729","GRAFT_Zygia_macbridii_J108",0
"1730","GRAFT_Zygia_morongii_J119",0
"1731","GRAFT_Zygia_multipunctata_J110",0
"1732","GRAFT_Zygia_nubigena_J8",0
"1733","BACKBONE_Zygia_ocumarensis_Stergios_14780",0
"1734","GRAFT_Zygia_palustris_J112",0
"1735","GRAFT_Zygia_paucijugata_J122",0
"1736","GRAFT_Zygia_peckii_J91",0
"1737","GRAFT_Zygia_pithecolobioides_J114",0
"1738","GRAFT_Zygia_racemosa_J62",0
"1739","GRAFT_Zygia_ramiflora_J52",0
"1740","GRAFT_Zygia_sabatieri_Sabatier_4838",0
"1741","GRAFT_Zygia_selloi_J117",0
"1742","GRAFT_Zygia_tetragona_KEW7",0
"1743","GRAFT_Zygia_trunciflora_J84",0
"1744","GRAFT_Zygia_unifoliolata_J86",0
